2025-01-30T00:17:22:   ▲ Next.js 14.2.14
2025-01-30T00:17:22:   - Local:        http://localhost:9090
2025-01-30T00:17:22: 
2025-01-30T00:17:22:  ✓ Starting...
2025-01-30T00:17:22:  ✓ Ready in 781ms
2025-01-30T00:18:02:   ▲ Next.js 14.2.14
2025-01-30T00:18:02:   - Local:        http://localhost:9090
2025-01-30T00:18:02: 
2025-01-30T00:18:02:  ✓ Starting...
2025-01-30T00:18:03:  ✓ Ready in 662ms
2025-01-30T00:18:28:   ▲ Next.js 14.2.14
2025-01-30T00:18:28:   - Local:        http://localhost:9090
2025-01-30T00:18:28: 
2025-01-30T00:18:28:  ✓ Starting...
2025-01-30T00:18:29:  ✓ Ready in 729ms
2025-01-30T00:18:38:   ▲ Next.js 14.2.14
2025-01-30T00:18:38:   - Local:        http://localhost:9090
2025-01-30T00:18:38: 
2025-01-30T00:18:38:  ✓ Starting...
2025-01-30T00:18:38:  ✓ Ready in 671ms
2025-01-30T00:23:40: Roles in context: []
2025-01-30T00:24:01: Roles in context: []
2025-01-30T00:24:01: Roles in context: []
2025-01-30T00:24:02: Roles in context: []
2025-01-30T00:24:03: Roles in context: []
2025-01-30T00:24:04: Roles in context: []
2025-02-01T08:07:50: Roles in context: []
2025-02-01T08:08:54: Roles in context: []
2025-02-01T08:10:04: Roles in context: []
2025-02-01T08:11:03: Roles in context: []
2025-02-01T08:41:25: Roles in context: []
2025-02-01T08:41:29: Roles in context: []
2025-02-01T08:41:32: Roles in context: []
2025-02-01T08:41:40: Roles in context: []
2025-02-01T08:44:30: Roles in context: []
2025-02-01T08:44:30: Roles in context: []
2025-02-01T08:44:31: Roles in context: []
2025-02-01T08:44:32: Roles in context: []
2025-02-01T08:44:33: Roles in context: []
2025-02-01T08:44:40: Roles in context: []
2025-02-01T08:44:40: Roles in context: []
2025-02-01T08:44:55: Received parameters: { customer: 'OBG00211', itemCode: 'R00336', uom: '0.25 كغم' }
2025-02-01T08:45:29: Received parameters: { customer: 'OBG00211', itemCode: 'S00605', uom: 'كارتون' }
2025-02-01T08:45:42: {
2025-02-01T08:45:42:   CardCode: 'OBG00211',
2025-02-01T08:45:42:   DocDate: '2025-02-01',
2025-02-01T08:45:42:   DocDueDate: '2025-02-01',
2025-02-01T08:45:42:   Comments: '',
2025-02-01T08:45:42:   DocCurrency: 'IQD',
2025-02-01T08:45:42:   DocumentLines: [
2025-02-01T08:45:42:     {
2025-02-01T08:45:42:       ItemCode: 'R00336',
2025-02-01T08:45:42:       Quantity: 1,
2025-02-01T08:45:42:       WarehouseCode: '01',
2025-02-01T08:45:42:       DiscountPercent: 0,
2025-02-01T08:45:42:       UnitPrice: 23625,
2025-02-01T08:45:42:       UoMEntry: 5
2025-02-01T08:45:42:     },
2025-02-01T08:45:42:     {
2025-02-01T08:45:42:       ItemCode: 'S00605',
2025-02-01T08:45:42:       Quantity: 1,
2025-02-01T08:45:42:       WarehouseCode: '07',
2025-02-01T08:45:42:       DiscountPercent: 0,
2025-02-01T08:45:42:       UnitPrice: 105000,
2025-02-01T08:45:42:       UoMEntry: 18
2025-02-01T08:45:42:     }
2025-02-01T08:45:42:   ]
2025-02-01T08:45:42: }
2025-02-01T08:45:42: {
2025-02-01T08:45:42:   CardCode: 'OBG00211',
2025-02-01T08:45:42:   DocDate: '2025-02-01',
2025-02-01T08:45:42:   DocDueDate: '2025-02-01',
2025-02-01T08:45:42:   Comments: '',
2025-02-01T08:45:42:   DocCurrency: 'IQD',
2025-02-01T08:45:42:   DocumentLines: [
2025-02-01T08:45:42:     {
2025-02-01T08:45:42:       ItemCode: 'R00336',
2025-02-01T08:45:42:       Quantity: 1,
2025-02-01T08:45:42:       WarehouseCode: '01',
2025-02-01T08:45:42:       DiscountPercent: 0,
2025-02-01T08:45:42:       UnitPrice: 23625,
2025-02-01T08:45:42:       UoMEntry: 5
2025-02-01T08:45:42:     },
2025-02-01T08:45:42:     {
2025-02-01T08:45:42:       ItemCode: 'S00605',
2025-02-01T08:45:42:       Quantity: 1,
2025-02-01T08:45:42:       WarehouseCode: '07',
2025-02-01T08:45:42:       DiscountPercent: 0,
2025-02-01T08:45:42:       UnitPrice: 105000,
2025-02-01T08:45:42:       UoMEntry: 18
2025-02-01T08:45:42:     }
2025-02-01T08:45:42:   ]
2025-02-01T08:45:42: }
2025-02-01T08:46:05: {
2025-02-01T08:46:05:   CardCode: 'OBG00211',
2025-02-01T08:46:05:   DocDate: '2025-02-01',
2025-02-01T08:46:05:   DocDueDate: '2025-02-01',
2025-02-01T08:46:05:   Comments: '',
2025-02-01T08:46:05:   DocCurrency: 'IQD',
2025-02-01T08:46:05:   DocumentLines: [
2025-02-01T08:46:05:     {
2025-02-01T08:46:05:       ItemCode: 'R00336',
2025-02-01T08:46:05:       Quantity: 1,
2025-02-01T08:46:05:       WarehouseCode: '01',
2025-02-01T08:46:05:       DiscountPercent: 0,
2025-02-01T08:46:05:       UnitPrice: 23625,
2025-02-01T08:46:05:       UoMEntry: 5
2025-02-01T08:46:05:     }
2025-02-01T08:46:05:   ]
2025-02-01T08:46:05: }
2025-02-01T08:46:05: {
2025-02-01T08:46:05:   CardCode: 'OBG00211',
2025-02-01T08:46:05:   DocDate: '2025-02-01',
2025-02-01T08:46:05:   DocDueDate: '2025-02-01',
2025-02-01T08:46:05:   Comments: '',
2025-02-01T08:46:05:   DocCurrency: 'IQD',
2025-02-01T08:46:05:   DocumentLines: [
2025-02-01T08:46:05:     {
2025-02-01T08:46:05:       ItemCode: 'R00336',
2025-02-01T08:46:05:       Quantity: 1,
2025-02-01T08:46:05:       WarehouseCode: '01',
2025-02-01T08:46:05:       DiscountPercent: 0,
2025-02-01T08:46:05:       UnitPrice: 23625,
2025-02-01T08:46:05:       UoMEntry: 5
2025-02-01T08:46:05:     }
2025-02-01T08:46:05:   ]
2025-02-01T08:46:05: }
2025-02-01T08:46:33: 318
2025-02-01T08:46:34: 318
2025-02-01T08:46:49: Sending payload: {
2025-02-01T08:46:49:   "Comments": "",
2025-02-01T08:46:49:   "DocumentLines": [
2025-02-01T08:46:49:     {
2025-02-01T08:46:49:       "LineNum": 0,
2025-02-01T08:46:49:       "ItemCode": "R00336",
2025-02-01T08:46:49:       "Quantity": 1,
2025-02-01T08:46:49:       "UoMEntry": 5,
2025-02-01T08:46:49:       "DiscountPercent": 0
2025-02-01T08:46:49:     },
2025-02-01T08:46:49:     {
2025-02-01T08:46:49:       "LineNum": 1,
2025-02-01T08:46:49:       "ItemCode": "S00060",
2025-02-01T08:46:49:       "Quantity": 1,
2025-02-01T08:46:49:       "UoMEntry": 18,
2025-02-01T08:46:49:       "DiscountPercent": 0
2025-02-01T08:46:49:     }
2025-02-01T08:46:49:   ]
2025-02-01T08:46:49: }
2025-02-01T08:46:52: 318
2025-02-01T09:36:12: Roles in context: []
2025-02-01T09:36:16: Roles in context: []
2025-02-01T09:36:23: Roles in context: []
2025-02-01T09:36:40: Roles in context: []
2025-02-01T09:36:40: Roles in context: []
2025-02-01T09:36:41: Roles in context: []
2025-02-01T09:36:42: Roles in context: []
2025-02-01T09:36:43: Roles in context: []
2025-02-01T09:37:49: Roles in context: []
2025-02-01T09:37:49: Roles in context: []
2025-02-01T09:39:27: Received parameters: { customer: 'IBG03364', itemCode: 'ADF00991', uom: '0.25 كغم' }
2025-02-01T09:39:37: Received parameters: { customer: 'IBG03364', itemCode: 'ADF00991', uom: '0.25 كغم' }
2025-02-01T09:39:39: Roles in context: []
2025-02-01T09:39:55: Roles in context: []
2025-02-01T09:39:55: Roles in context: []
2025-02-01T09:39:56: Roles in context: []
2025-02-01T09:39:57: Roles in context: []
2025-02-01T09:39:58: Roles in context: []
2025-02-01T09:41:00: Roles in context: []
2025-02-01T09:41:00: Roles in context: []
2025-02-01T09:41:20: Received parameters: { customer: 'IBG03364', itemCode: 'ADF00938', uom: 'كغم' }
2025-02-01T09:41:47: Received parameters: { customer: 'IBG00882', itemCode: 'ADF00630', uom: '0.25 كغم' }
2025-02-01T09:42:03: Received parameters: { customer: 'IBG03364', itemCode: 'ADF00902', uom: 'كغم' }
2025-02-01T09:42:10: Received parameters: { customer: 'IBG00882', itemCode: 'ADF00991', uom: '0.25 كغم' }
2025-02-01T09:42:29: {
2025-02-01T09:42:29:   CardCode: 'IBG03364',
2025-02-01T09:42:29:   DocDate: '2025-02-01',
2025-02-01T09:42:29:   DocDueDate: '2025-02-01',
2025-02-01T09:42:29:   Comments: '',
2025-02-01T09:42:29:   DocCurrency: 'IQD',
2025-02-01T09:42:29:   DocumentLines: [
2025-02-01T09:42:29:     {
2025-02-01T09:42:29:       ItemCode: 'ADF00938',
2025-02-01T09:42:29:       Quantity: 4,
2025-02-01T09:42:29:       WarehouseCode: '01',
2025-02-01T09:42:29:       DiscountPercent: 0,
2025-02-01T09:42:29:       UnitPrice: 105000,
2025-02-01T09:42:29:       UoMEntry: 6
2025-02-01T09:42:29:     },
2025-02-01T09:42:29:     {
2025-02-01T09:42:29:       ItemCode: 'ADF00902',
2025-02-01T09:42:29:       Quantity: 4,
2025-02-01T09:42:29:       WarehouseCode: '01',
2025-02-01T09:42:29:       DiscountPercent: 0,
2025-02-01T09:42:29:       UnitPrice: 72000,
2025-02-01T09:42:29:       UoMEntry: 6
2025-02-01T09:42:29:     }
2025-02-01T09:42:29:   ]
2025-02-01T09:42:29: }
2025-02-01T09:42:29: {
2025-02-01T09:42:29:   CardCode: 'IBG03364',
2025-02-01T09:42:29:   DocDate: '2025-02-01',
2025-02-01T09:42:29:   DocDueDate: '2025-02-01',
2025-02-01T09:42:29:   Comments: '',
2025-02-01T09:42:29:   DocCurrency: 'IQD',
2025-02-01T09:42:29:   DocumentLines: [
2025-02-01T09:42:29:     {
2025-02-01T09:42:29:       ItemCode: 'ADF00938',
2025-02-01T09:42:29:       Quantity: 4,
2025-02-01T09:42:29:       WarehouseCode: '01',
2025-02-01T09:42:29:       DiscountPercent: 0,
2025-02-01T09:42:29:       UnitPrice: 105000,
2025-02-01T09:42:29:       UoMEntry: 6
2025-02-01T09:42:29:     },
2025-02-01T09:42:29:     {
2025-02-01T09:42:29:       ItemCode: 'ADF00902',
2025-02-01T09:42:29:       Quantity: 4,
2025-02-01T09:42:29:       WarehouseCode: '01',
2025-02-01T09:42:29:       DiscountPercent: 0,
2025-02-01T09:42:29:       UnitPrice: 72000,
2025-02-01T09:42:29:       UoMEntry: 6
2025-02-01T09:42:29:     }
2025-02-01T09:42:29:   ]
2025-02-01T09:42:29: }
2025-02-01T09:43:13: 320
2025-02-01T09:43:13: 320
2025-02-01T09:43:22: Received parameters: { customer: 'IBG00882', itemCode: 'S00677', uom: 'كارتون' }
2025-02-01T09:43:25: Received parameters: { customer: 'IBG00882', itemCode: 'S00677', uom: 'درزن' }
2025-02-01T09:45:39: {
2025-02-01T09:45:39:   CardCode: 'IBG00882',
2025-02-01T09:45:39:   DocDate: '2025-02-01',
2025-02-01T09:45:39:   DocDueDate: '2025-02-01',
2025-02-01T09:45:39:   Comments: '',
2025-02-01T09:45:39:   DocCurrency: 'IQD',
2025-02-01T09:45:39:   DocumentLines: [
2025-02-01T09:45:39:     {
2025-02-01T09:45:39:       ItemCode: 'ADF00630',
2025-02-01T09:45:39:       Quantity: 1,
2025-02-01T09:45:39:       WarehouseCode: '02',
2025-02-01T09:45:39:       DiscountPercent: 0,
2025-02-01T09:45:39:       UnitPrice: 25500,
2025-02-01T09:45:39:       UoMEntry: 5
2025-02-01T09:45:39:     },
2025-02-01T09:45:39:     {
2025-02-01T09:45:39:       ItemCode: 'ADF00991',
2025-02-01T09:45:39:       Quantity: 1,
2025-02-01T09:45:39:       WarehouseCode: '02',
2025-02-01T09:45:39:       DiscountPercent: 0,
2025-02-01T09:45:39:       UnitPrice: 29250,
2025-02-01T09:45:39:       UoMEntry: 5
2025-02-01T09:45:39:     },
2025-02-01T09:45:39:     {
2025-02-01T09:45:39:       ItemCode: 'S00677',
2025-02-01T09:45:39:       Quantity: 20,
2025-02-01T09:45:39:       WarehouseCode: '11',
2025-02-01T09:45:39:       DiscountPercent: 0,
2025-02-01T09:45:39:       UnitPrice: 1500,
2025-02-01T09:45:39:       UoMEntry: 17
2025-02-01T09:45:39:     }
2025-02-01T09:45:39:   ]
2025-02-01T09:45:39: }
2025-02-01T09:45:39: {
2025-02-01T09:45:39:   CardCode: 'IBG00882',
2025-02-01T09:45:39:   DocDate: '2025-02-01',
2025-02-01T09:45:39:   DocDueDate: '2025-02-01',
2025-02-01T09:45:39:   Comments: '',
2025-02-01T09:45:39:   DocCurrency: 'IQD',
2025-02-01T09:45:39:   DocumentLines: [
2025-02-01T09:45:39:     {
2025-02-01T09:45:39:       ItemCode: 'ADF00630',
2025-02-01T09:45:39:       Quantity: 1,
2025-02-01T09:45:39:       WarehouseCode: '02',
2025-02-01T09:45:39:       DiscountPercent: 0,
2025-02-01T09:45:39:       UnitPrice: 25500,
2025-02-01T09:45:39:       UoMEntry: 5
2025-02-01T09:45:39:     },
2025-02-01T09:45:39:     {
2025-02-01T09:45:39:       ItemCode: 'ADF00991',
2025-02-01T09:45:39:       Quantity: 1,
2025-02-01T09:45:39:       WarehouseCode: '02',
2025-02-01T09:45:39:       DiscountPercent: 0,
2025-02-01T09:45:39:       UnitPrice: 29250,
2025-02-01T09:45:39:       UoMEntry: 5
2025-02-01T09:45:39:     },
2025-02-01T09:45:39:     {
2025-02-01T09:45:39:       ItemCode: 'S00677',
2025-02-01T09:45:39:       Quantity: 20,
2025-02-01T09:45:39:       WarehouseCode: '11',
2025-02-01T09:45:39:       DiscountPercent: 0,
2025-02-01T09:45:39:       UnitPrice: 1500,
2025-02-01T09:45:39:       UoMEntry: 17
2025-02-01T09:45:39:     }
2025-02-01T09:45:39:   ]
2025-02-01T09:45:39: }
2025-02-01T09:46:06: Roles in context: []
2025-02-01T09:46:06: 322
2025-02-01T09:46:06: 322
2025-02-01T09:46:18: 320
2025-02-01T09:46:20: 320
2025-02-01T09:46:34: Sending payload: {
2025-02-01T09:46:34:   "Comments": "",
2025-02-01T09:46:34:   "DocumentLines": [
2025-02-01T09:46:34:     {
2025-02-01T09:46:34:       "LineNum": 0,
2025-02-01T09:46:34:       "ItemCode": "ADF00630",
2025-02-01T09:46:34:       "Quantity": 1,
2025-02-01T09:46:34:       "UoMEntry": 5,
2025-02-01T09:46:34:       "DiscountPercent": 0
2025-02-01T09:46:34:     },
2025-02-01T09:46:34:     {
2025-02-01T09:46:34:       "LineNum": 1,
2025-02-01T09:46:34:       "ItemCode": "ADF00991",
2025-02-01T09:46:34:       "Quantity": 1,
2025-02-01T09:46:34:       "UoMEntry": 5,
2025-02-01T09:46:34:       "DiscountPercent": 0
2025-02-01T09:46:34:     },
2025-02-01T09:46:34:     {
2025-02-01T09:46:34:       "LineNum": 2,
2025-02-01T09:46:34:       "ItemCode": "S00677",
2025-02-01T09:46:34:       "Quantity": 20,
2025-02-01T09:46:34:       "UoMEntry": 17,
2025-02-01T09:46:34:       "DiscountPercent": 0
2025-02-01T09:46:34:     }
2025-02-01T09:46:34:   ]
2025-02-01T09:46:34: }
2025-02-01T09:46:37: 322
2025-02-01T09:46:48: 320
2025-02-01T09:46:48: 320
2025-02-01T09:50:32: {
2025-02-01T09:50:32:   CardCode: 'IBG03364',
2025-02-01T09:50:32:   Comments: '',
2025-02-01T09:50:32:   DocDate: '2025-02-01',
2025-02-01T09:50:32:   DocDueDate: '2025-02-01',
2025-02-01T09:50:32:   DocCurrency: 'IQD',
2025-02-01T09:50:32:   DocumentLines: [
2025-02-01T09:50:32:     {
2025-02-01T09:50:32:       ItemCode: 'ADF00938',
2025-02-01T09:50:32:       Quantity: 4,
2025-02-01T09:50:32:       UnitPrice: 105000,
2025-02-01T09:50:32:       DiscountPercent: 0,
2025-02-01T09:50:32:       UoMEntry: 6,
2025-02-01T09:50:32:       WarehouseCode: '05'
2025-02-01T09:50:32:     },
2025-02-01T09:50:32:     {
2025-02-01T09:50:32:       ItemCode: 'ADF00902',
2025-02-01T09:50:32:       Quantity: 1,
2025-02-01T09:50:32:       UnitPrice: 72000,
2025-02-01T09:50:32:       DiscountPercent: 0,
2025-02-01T09:50:32:       UoMEntry: 6,
2025-02-01T09:50:32:       WarehouseCode: '05'
2025-02-01T09:50:32:     }
2025-02-01T09:50:32:   ]
2025-02-01T09:50:32: }
2025-02-01T09:50:32: {
2025-02-01T09:50:32:   CardCode: 'IBG03364',
2025-02-01T09:50:32:   Comments: '',
2025-02-01T09:50:32:   DocDate: '2025-02-01',
2025-02-01T09:50:32:   DocDueDate: '2025-02-01',
2025-02-01T09:50:32:   DocCurrency: 'IQD',
2025-02-01T09:50:32:   DocumentLines: [
2025-02-01T09:50:32:     {
2025-02-01T09:50:32:       ItemCode: 'ADF00938',
2025-02-01T09:50:32:       Quantity: 4,
2025-02-01T09:50:32:       UnitPrice: 105000,
2025-02-01T09:50:32:       DiscountPercent: 0,
2025-02-01T09:50:32:       UoMEntry: 6,
2025-02-01T09:50:32:       WarehouseCode: '05'
2025-02-01T09:50:32:     },
2025-02-01T09:50:32:     {
2025-02-01T09:50:32:       ItemCode: 'ADF00902',
2025-02-01T09:50:32:       Quantity: 1,
2025-02-01T09:50:32:       UnitPrice: 72000,
2025-02-01T09:50:32:       DiscountPercent: 0,
2025-02-01T09:50:32:       UoMEntry: 6,
2025-02-01T09:50:32:       WarehouseCode: '05'
2025-02-01T09:50:32:     }
2025-02-01T09:50:32:   ]
2025-02-01T09:50:32: }
2025-02-01T09:50:36: 324
2025-02-01T09:50:36: 324
2025-02-01T09:50:54: 320
2025-02-01T09:50:54: 320
2025-02-01T09:52:05: 320
2025-02-01T09:52:05: 320
2025-02-01T09:52:05: 324
2025-02-01T09:52:06: 324
2025-02-01T09:52:19: Roles in context: []
2025-02-01T09:52:20: Roles in context: []
2025-02-01T09:52:58: Next.js process exited with code 3221225786
2025-02-01T09:53:03:   ▲ Next.js 14.2.14
2025-02-01T09:53:03:   - Local:        http://localhost:9090
2025-02-01T09:53:03: 
2025-02-01T09:53:03:  ✓ Starting...
2025-02-01T09:53:03:  ✓ Ready in 695ms
2025-02-01T09:53:09: Next.js process exited with code 3221225786
2025-02-01T09:53:12:   ▲ Next.js 14.2.14
2025-02-01T09:53:12:   - Local:        http://localhost:9090
2025-02-01T09:53:12: 
2025-02-01T09:53:12:  ✓ Starting...
2025-02-01T09:53:12:  ✓ Ready in 673ms
2025-02-01T09:53:38: {
2025-02-01T09:53:38:   CardCode: 'IBG03364',
2025-02-01T09:53:38:   Comments: '',
2025-02-01T09:53:38:   DocumentLines: [
2025-02-01T09:53:38:     {
2025-02-01T09:53:38:       ItemCode: 'ADF00938',
2025-02-01T09:53:38:       Quantity: 4,
2025-02-01T09:53:38:       UoMEntry: 6,
2025-02-01T09:53:38:       DiscountPercent: 0,
2025-02-01T09:53:38:       WarehouseCode: '05'
2025-02-01T09:53:38:     },
2025-02-01T09:53:38:     {
2025-02-01T09:53:38:       ItemCode: 'ADF00902',
2025-02-01T09:53:38:       Quantity: 4,
2025-02-01T09:53:38:       UoMEntry: 6,
2025-02-01T09:53:38:       DiscountPercent: 0,
2025-02-01T09:53:38:       WarehouseCode: '05'
2025-02-01T09:53:38:     }
2025-02-01T09:53:38:   ],
2025-02-01T09:53:38:   DocDate: '2025-02-01',
2025-02-01T09:53:38:   DocDueDate: '2025-02-01',
2025-02-01T09:53:38:   DocCurrency: 'IQD'
2025-02-01T09:53:38: }
2025-02-01T09:53:38: {
2025-02-01T09:53:38:   CardCode: 'IBG03364',
2025-02-01T09:53:38:   Comments: '',
2025-02-01T09:53:38:   DocumentLines: [
2025-02-01T09:53:38:     {
2025-02-01T09:53:38:       ItemCode: 'ADF00938',
2025-02-01T09:53:38:       Quantity: 4,
2025-02-01T09:53:38:       UoMEntry: 6,
2025-02-01T09:53:38:       DiscountPercent: 0,
2025-02-01T09:53:38:       WarehouseCode: '05'
2025-02-01T09:53:38:     },
2025-02-01T09:53:38:     {
2025-02-01T09:53:38:       ItemCode: 'ADF00902',
2025-02-01T09:53:38:       Quantity: 4,
2025-02-01T09:53:38:       UoMEntry: 6,
2025-02-01T09:53:38:       DiscountPercent: 0,
2025-02-01T09:53:38:       WarehouseCode: '05'
2025-02-01T09:53:38:     }
2025-02-01T09:53:38:   ],
2025-02-01T09:53:38:   DocDate: '2025-02-01',
2025-02-01T09:53:38:   DocDueDate: '2025-02-01',
2025-02-01T09:53:38:   DocCurrency: 'IQD'
2025-02-01T09:53:38: }
2025-02-01T09:53:41: 326
2025-02-01T09:53:41: 326
2025-02-01T09:53:48: {
2025-02-01T09:53:48:   CardCode: 'IBG03364',
2025-02-01T09:53:48:   Comments: '',
2025-02-01T09:53:48:   DocDate: '2025-02-01',
2025-02-01T09:53:48:   DocDueDate: '2025-02-01',
2025-02-01T09:53:48:   DocCurrency: 'IQD',
2025-02-01T09:53:48:   DocumentLines: [
2025-02-01T09:53:48:     {
2025-02-01T09:53:48:       ItemCode: 'ADF00938',
2025-02-01T09:53:48:       Quantity: 4,
2025-02-01T09:53:48:       UnitPrice: 105000,
2025-02-01T09:53:48:       DiscountPercent: 0,
2025-02-01T09:53:48:       UoMEntry: 6,
2025-02-01T09:53:48:       WarehouseCode: '05'
2025-02-01T09:53:48:     },
2025-02-01T09:53:48:     {
2025-02-01T09:53:48:       ItemCode: 'ADF00902',
2025-02-01T09:53:48:       Quantity: 4,
2025-02-01T09:53:48:       UnitPrice: 72000,
2025-02-01T09:53:48:       DiscountPercent: 0,
2025-02-01T09:53:48:       UoMEntry: 6,
2025-02-01T09:53:48:       WarehouseCode: '05'
2025-02-01T09:53:48:     }
2025-02-01T09:53:48:   ]
2025-02-01T09:53:48: }
2025-02-01T09:53:48: {
2025-02-01T09:53:48:   CardCode: 'IBG03364',
2025-02-01T09:53:48:   Comments: '',
2025-02-01T09:53:48:   DocDate: '2025-02-01',
2025-02-01T09:53:48:   DocDueDate: '2025-02-01',
2025-02-01T09:53:48:   DocCurrency: 'IQD',
2025-02-01T09:53:48:   DocumentLines: [
2025-02-01T09:53:48:     {
2025-02-01T09:53:48:       ItemCode: 'ADF00938',
2025-02-01T09:53:48:       Quantity: 4,
2025-02-01T09:53:48:       UnitPrice: 105000,
2025-02-01T09:53:48:       DiscountPercent: 0,
2025-02-01T09:53:48:       UoMEntry: 6,
2025-02-01T09:53:48:       WarehouseCode: '05'
2025-02-01T09:53:48:     },
2025-02-01T09:53:48:     {
2025-02-01T09:53:48:       ItemCode: 'ADF00902',
2025-02-01T09:53:48:       Quantity: 4,
2025-02-01T09:53:48:       UnitPrice: 72000,
2025-02-01T09:53:48:       DiscountPercent: 0,
2025-02-01T09:53:48:       UoMEntry: 6,
2025-02-01T09:53:48:       WarehouseCode: '05'
2025-02-01T09:53:48:     }
2025-02-01T09:53:48:   ]
2025-02-01T09:53:48: }
2025-02-01T09:53:56: 328
2025-02-01T09:53:56: 328
2025-02-01T10:16:14:   ▲ Next.js 14.2.14
2025-02-01T10:16:14:   - Local:        http://localhost:9090
2025-02-01T10:16:14: 
2025-02-01T10:16:14:  ✓ Starting...
2025-02-01T10:16:14:  ✓ Ready in 1063ms
2025-02-01T10:37:34: 118250
2025-02-01T10:37:35: 118250
2025-02-01T13:12:33: Roles in context: []
2025-02-01T13:12:33: Roles in context: []
2025-02-01T13:12:50: 318
2025-02-01T13:12:50: 318
2025-02-02T08:12:05: Roles in context: []
2025-02-02T08:12:05: Updated Items: []
2025-02-02T08:12:09: 318
2025-02-02T08:12:22: Roles in context: []
2025-02-02T08:12:23: Roles in context: []
2025-02-02T08:12:56: Received parameters: { customer: 'IBG01029', itemCode: 'R00824', uom: 'كغم' }
2025-02-02T08:13:08: {
2025-02-02T08:13:08:   CardCode: 'IBG01029',
2025-02-02T08:13:08:   DocDate: '2025-02-02',
2025-02-02T08:13:08:   DocDueDate: '2025-02-02',
2025-02-02T08:13:08:   Comments: '',
2025-02-02T08:13:08:   DocCurrency: 'IQD',
2025-02-02T08:13:08:   DocumentLines: [
2025-02-02T08:13:08:     {
2025-02-02T08:13:08:       ItemCode: 'R00824',
2025-02-02T08:13:08:       Quantity: 3,
2025-02-02T08:13:08:       WarehouseCode: '05',
2025-02-02T08:13:08:       DiscountPercent: 0,
2025-02-02T08:13:08:       UnitPrice: 60000,
2025-02-02T08:13:08:       UoMEntry: 6
2025-02-02T08:13:08:     }
2025-02-02T08:13:08:   ]
2025-02-02T08:13:08: }
2025-02-02T08:13:08: {
2025-02-02T08:13:08:   CardCode: 'IBG01029',
2025-02-02T08:13:08:   DocDate: '2025-02-02',
2025-02-02T08:13:08:   DocDueDate: '2025-02-02',
2025-02-02T08:13:08:   Comments: '',
2025-02-02T08:13:08:   DocCurrency: 'IQD',
2025-02-02T08:13:08:   DocumentLines: [
2025-02-02T08:13:08:     {
2025-02-02T08:13:08:       ItemCode: 'R00824',
2025-02-02T08:13:08:       Quantity: 3,
2025-02-02T08:13:08:       WarehouseCode: '05',
2025-02-02T08:13:08:       DiscountPercent: 0,
2025-02-02T08:13:08:       UnitPrice: 60000,
2025-02-02T08:13:08:       UoMEntry: 6
2025-02-02T08:13:08:     }
2025-02-02T08:13:08:   ]
2025-02-02T08:13:08: }
2025-02-02T08:13:49: 330
2025-02-02T08:13:49: 330
2025-02-02T08:13:55: {
2025-02-02T08:13:55:   CardCode: 'IBG01029',
2025-02-02T08:13:55:   Comments: '',
2025-02-02T08:13:55:   DocDate: '2025-02-02',
2025-02-02T08:13:55:   DocDueDate: '2025-02-02',
2025-02-02T08:13:55:   DocCurrency: 'IQD',
2025-02-02T08:13:55:   DocumentLines: [
2025-02-02T08:13:55:     {
2025-02-02T08:13:55:       ItemCode: 'R00824',
2025-02-02T08:13:55:       Quantity: 3,
2025-02-02T08:13:55:       UnitPrice: 60000,
2025-02-02T08:13:55:       DiscountPercent: 0,
2025-02-02T08:13:55:       UoMEntry: 6,
2025-02-02T08:13:55:       WarehouseCode: '05'
2025-02-02T08:13:55:     }
2025-02-02T08:13:55:   ]
2025-02-02T08:13:55: }
2025-02-02T08:13:55: {
2025-02-02T08:13:55:   CardCode: 'IBG01029',
2025-02-02T08:13:55:   Comments: '',
2025-02-02T08:13:55:   DocDate: '2025-02-02',
2025-02-02T08:13:55:   DocDueDate: '2025-02-02',
2025-02-02T08:13:55:   DocCurrency: 'IQD',
2025-02-02T08:13:55:   DocumentLines: [
2025-02-02T08:13:55:     {
2025-02-02T08:13:55:       ItemCode: 'R00824',
2025-02-02T08:13:55:       Quantity: 3,
2025-02-02T08:13:55:       UnitPrice: 60000,
2025-02-02T08:13:55:       DiscountPercent: 0,
2025-02-02T08:13:55:       UoMEntry: 6,
2025-02-02T08:13:55:       WarehouseCode: '05'
2025-02-02T08:13:55:     }
2025-02-02T08:13:55:   ]
2025-02-02T08:13:55: }
2025-02-02T08:14:02: 332
2025-02-02T08:14:02: 332
2025-02-02T08:20:12: 332
2025-02-02T08:20:12: 332
2025-02-02T08:20:21: 330
2025-02-02T08:20:21: 330
2025-02-02T08:20:37: 330
2025-02-02T08:20:37: 330
2025-02-02T08:20:49: {
2025-02-02T08:20:49:   CardCode: 'IBG01029',
2025-02-02T08:20:49:   Comments: '',
2025-02-02T08:20:49:   DocumentLines: [],
2025-02-02T08:20:49:   DocDate: '2025-02-02',
2025-02-02T08:20:49:   DocDueDate: '2025-02-02',
2025-02-02T08:20:49:   DocCurrency: 'IQD'
2025-02-02T08:20:49: }
2025-02-02T08:20:49: {
2025-02-02T08:20:49:   CardCode: 'IBG01029',
2025-02-02T08:20:49:   Comments: '',
2025-02-02T08:20:49:   DocumentLines: [],
2025-02-02T08:20:49:   DocDate: '2025-02-02',
2025-02-02T08:20:49:   DocDueDate: '2025-02-02',
2025-02-02T08:20:49:   DocCurrency: 'IQD'
2025-02-02T08:20:49: }
2025-02-02T08:21:43: 332
2025-02-02T08:21:43: 332
2025-02-02T08:21:47: {
2025-02-02T08:21:47:   CardCode: 'IBG01029',
2025-02-02T08:21:47:   Comments: '',
2025-02-02T08:21:47:   DocDate: '2025-02-02',
2025-02-02T08:21:47:   DocDueDate: '2025-02-02',
2025-02-02T08:21:47:   DocCurrency: 'IQD',
2025-02-02T08:21:47:   DocumentLines: [
2025-02-02T08:21:47:     {
2025-02-02T08:21:47:       ItemCode: 'R00824',
2025-02-02T08:21:47:       Quantity: 3,
2025-02-02T08:21:47:       UnitPrice: 60000,
2025-02-02T08:21:47:       DiscountPercent: 0,
2025-02-02T08:21:47:       UoMEntry: 6,
2025-02-02T08:21:47:       WarehouseCode: '05'
2025-02-02T08:21:47:     }
2025-02-02T08:21:47:   ]
2025-02-02T08:21:47: }
2025-02-02T08:21:47: {
2025-02-02T08:21:47:   CardCode: 'IBG01029',
2025-02-02T08:21:47:   Comments: '',
2025-02-02T08:21:47:   DocDate: '2025-02-02',
2025-02-02T08:21:47:   DocDueDate: '2025-02-02',
2025-02-02T08:21:47:   DocCurrency: 'IQD',
2025-02-02T08:21:47:   DocumentLines: [
2025-02-02T08:21:47:     {
2025-02-02T08:21:47:       ItemCode: 'R00824',
2025-02-02T08:21:47:       Quantity: 3,
2025-02-02T08:21:47:       UnitPrice: 60000,
2025-02-02T08:21:47:       DiscountPercent: 0,
2025-02-02T08:21:47:       UoMEntry: 6,
2025-02-02T08:21:47:       WarehouseCode: '05'
2025-02-02T08:21:47:     }
2025-02-02T08:21:47:   ]
2025-02-02T08:21:47: }
2025-02-02T08:21:51: 335
2025-02-02T08:21:51: 335
2025-02-02T08:21:57: {
2025-02-02T08:21:57:   CardCode: 'IBG00195',
2025-02-02T08:21:57:   Comments: 'حسن عماد المنوار / باب المعظم 9340',
2025-02-02T08:21:57:   DocDate: '2025-02-02',
2025-02-02T08:21:57:   DocDueDate: '2025-02-02',
2025-02-02T08:21:57:   DocCurrency: 'USD',
2025-02-02T08:21:57:   DocumentLines: [
2025-02-02T08:21:57:     {
2025-02-02T08:21:57:       ItemCode: 'R00177',
2025-02-02T08:21:57:       Quantity: 1,
2025-02-02T08:21:57:       UnitPrice: 43,
2025-02-02T08:21:57:       DiscountPercent: 0,
2025-02-02T08:21:57:       UoMEntry: 6,
2025-02-02T08:21:57:       WarehouseCode: '02'
2025-02-02T08:21:57:     }
2025-02-02T08:21:57:   ]
2025-02-02T08:21:57: }
2025-02-02T08:21:57: {
2025-02-02T08:21:57:   CardCode: 'IBG00195',
2025-02-02T08:21:57:   Comments: 'حسن عماد المنوار / باب المعظم 9340',
2025-02-02T08:21:57:   DocDate: '2025-02-02',
2025-02-02T08:21:57:   DocDueDate: '2025-02-02',
2025-02-02T08:21:57:   DocCurrency: 'USD',
2025-02-02T08:21:57:   DocumentLines: [
2025-02-02T08:21:57:     {
2025-02-02T08:21:57:       ItemCode: 'R00177',
2025-02-02T08:21:57:       Quantity: 1,
2025-02-02T08:21:57:       UnitPrice: 43,
2025-02-02T08:21:57:       DiscountPercent: 0,
2025-02-02T08:21:57:       UoMEntry: 6,
2025-02-02T08:21:57:       WarehouseCode: '02'
2025-02-02T08:21:57:     }
2025-02-02T08:21:57:   ]
2025-02-02T08:21:57: }
2025-02-02T08:22:21: 332
2025-02-02T08:22:21: 332
2025-02-02T08:24:01: 332
2025-02-02T08:24:01: 332
2025-02-02T08:24:10: 335
2025-02-02T08:24:10: 335
2025-02-02T08:24:38: {
2025-02-02T08:24:38:   CardCode: 'IBG01029',
2025-02-02T08:24:38:   Comments: '',
2025-02-02T08:24:38:   DocumentLines: [
2025-02-02T08:24:38:     {
2025-02-02T08:24:38:       ItemCode: 'G00789',
2025-02-02T08:24:38:       Quantity: 1,
2025-02-02T08:24:38:       UoMEntry: 6,
2025-02-02T08:24:38:       DiscountPercent: 0,
2025-02-02T08:24:38:       WarehouseCode: '02'
2025-02-02T08:24:38:     }
2025-02-02T08:24:38:   ],
2025-02-02T08:24:38:   DocDate: '2025-02-02',
2025-02-02T08:24:38:   DocDueDate: '2025-02-02',
2025-02-02T08:24:38:   DocCurrency: 'IQD'
2025-02-02T08:24:38: }
2025-02-02T08:24:38: {
2025-02-02T08:24:38:   CardCode: 'IBG01029',
2025-02-02T08:24:38:   Comments: '',
2025-02-02T08:24:38:   DocumentLines: [
2025-02-02T08:24:38:     {
2025-02-02T08:24:38:       ItemCode: 'G00789',
2025-02-02T08:24:38:       Quantity: 1,
2025-02-02T08:24:38:       UoMEntry: 6,
2025-02-02T08:24:38:       DiscountPercent: 0,
2025-02-02T08:24:38:       WarehouseCode: '02'
2025-02-02T08:24:38:     }
2025-02-02T08:24:38:   ],
2025-02-02T08:24:38:   DocDate: '2025-02-02',
2025-02-02T08:24:38:   DocDueDate: '2025-02-02',
2025-02-02T08:24:38:   DocCurrency: 'IQD'
2025-02-02T08:24:38: }
2025-02-02T08:24:39: 338
2025-02-02T08:24:40: 338
2025-02-02T08:24:45: {
2025-02-02T08:24:45:   CardCode: 'IBG01029',
2025-02-02T08:24:45:   Comments: '',
2025-02-02T08:24:45:   DocDate: '2025-02-02',
2025-02-02T08:24:45:   DocDueDate: '2025-02-02',
2025-02-02T08:24:45:   DocCurrency: 'IQD',
2025-02-02T08:24:45:   DocumentLines: [
2025-02-02T08:24:45:     {
2025-02-02T08:24:45:       ItemCode: 'G00789',
2025-02-02T08:24:45:       Quantity: 1,
2025-02-02T08:24:45:       UnitPrice: 187500,
2025-02-02T08:24:45:       DiscountPercent: 0,
2025-02-02T08:24:45:       UoMEntry: 6,
2025-02-02T08:24:45:       WarehouseCode: '02'
2025-02-02T08:24:45:     }
2025-02-02T08:24:45:   ]
2025-02-02T08:24:45: }
2025-02-02T08:24:45: {
2025-02-02T08:24:45:   CardCode: 'IBG01029',
2025-02-02T08:24:45:   Comments: '',
2025-02-02T08:24:45:   DocDate: '2025-02-02',
2025-02-02T08:24:45:   DocDueDate: '2025-02-02',
2025-02-02T08:24:45:   DocCurrency: 'IQD',
2025-02-02T08:24:45:   DocumentLines: [
2025-02-02T08:24:45:     {
2025-02-02T08:24:45:       ItemCode: 'G00789',
2025-02-02T08:24:45:       Quantity: 1,
2025-02-02T08:24:45:       UnitPrice: 187500,
2025-02-02T08:24:45:       DiscountPercent: 0,
2025-02-02T08:24:45:       UoMEntry: 6,
2025-02-02T08:24:45:       WarehouseCode: '02'
2025-02-02T08:24:45:     }
2025-02-02T08:24:45:   ]
2025-02-02T08:24:45: }
2025-02-02T08:24:47: 340
2025-02-02T08:24:49: 340
2025-02-02T08:25:28: 340
2025-02-02T08:25:28: 340
2025-02-02T08:25:54: 338
2025-02-02T08:25:56: 338
2025-02-02T08:29:46: 338
2025-02-02T08:29:46: 338
2025-02-02T08:29:52: {
2025-02-02T08:29:52:   CardCode: 'IBG01029',
2025-02-02T08:29:52:   Comments: '',
2025-02-02T08:29:52:   DocDate: '2025-02-02',
2025-02-02T08:29:52:   DocDueDate: '2025-02-02',
2025-02-02T08:29:52:   DocCurrency: 'IQD',
2025-02-02T08:29:52:   DocumentLines: [
2025-02-02T08:29:52:     {
2025-02-02T08:29:52:       ItemCode: 'G00789',
2025-02-02T08:29:52:       Quantity: 1,
2025-02-02T08:29:52:       UnitPrice: 187500,
2025-02-02T08:29:52:       DiscountPercent: 0,
2025-02-02T08:29:52:       UoMEntry: 6,
2025-02-02T08:29:52:       WarehouseCode: '02'
2025-02-02T08:29:52:     }
2025-02-02T08:29:52:   ]
2025-02-02T08:29:52: }
2025-02-02T08:29:52: {
2025-02-02T08:29:52:   CardCode: 'IBG01029',
2025-02-02T08:29:52:   Comments: '',
2025-02-02T08:29:52:   DocDate: '2025-02-02',
2025-02-02T08:29:52:   DocDueDate: '2025-02-02',
2025-02-02T08:29:52:   DocCurrency: 'IQD',
2025-02-02T08:29:52:   DocumentLines: [
2025-02-02T08:29:52:     {
2025-02-02T08:29:52:       ItemCode: 'G00789',
2025-02-02T08:29:52:       Quantity: 1,
2025-02-02T08:29:52:       UnitPrice: 187500,
2025-02-02T08:29:52:       DiscountPercent: 0,
2025-02-02T08:29:52:       UoMEntry: 6,
2025-02-02T08:29:52:       WarehouseCode: '02'
2025-02-02T08:29:52:     }
2025-02-02T08:29:52:   ]
2025-02-02T08:29:52: }
2025-02-02T08:29:57: 342
2025-02-02T08:29:59: 342
2025-02-02T08:30:27: {
2025-02-02T08:30:27:   CardCode: 'IBG00750',
2025-02-02T08:30:27:   Comments: '7941 \\\\ مجيد',
2025-02-02T08:30:27:   DocDate: '2025-02-02',
2025-02-02T08:30:27:   DocDueDate: '2025-02-02',
2025-02-02T08:30:27:   DocCurrency: 'USD',
2025-02-02T08:30:27:   DocumentLines: [
2025-02-02T08:30:27:     {
2025-02-02T08:30:27:       ItemCode: 'ADF00901',
2025-02-02T08:30:27:       Quantity: 1,
2025-02-02T08:30:27:       UnitPrice: 48,
2025-02-02T08:30:27:       DiscountPercent: 0,
2025-02-02T08:30:27:       UoMEntry: 6,
2025-02-02T08:30:27:       WarehouseCode: '01'
2025-02-02T08:30:27:     }
2025-02-02T08:30:27:   ]
2025-02-02T08:30:27: }
2025-02-02T08:30:27: {
2025-02-02T08:30:27:   CardCode: 'IBG00750',
2025-02-02T08:30:27:   Comments: '7941 \\\\ مجيد',
2025-02-02T08:30:27:   DocDate: '2025-02-02',
2025-02-02T08:30:27:   DocDueDate: '2025-02-02',
2025-02-02T08:30:27:   DocCurrency: 'USD',
2025-02-02T08:30:27:   DocumentLines: [
2025-02-02T08:30:27:     {
2025-02-02T08:30:27:       ItemCode: 'ADF00901',
2025-02-02T08:30:27:       Quantity: 1,
2025-02-02T08:30:27:       UnitPrice: 48,
2025-02-02T08:30:27:       DiscountPercent: 0,
2025-02-02T08:30:27:       UoMEntry: 6,
2025-02-02T08:30:27:       WarehouseCode: '01'
2025-02-02T08:30:27:     }
2025-02-02T08:30:27:   ]
2025-02-02T08:30:27: }
2025-02-02T08:32:01: 342
2025-02-02T08:32:01: 342
2025-02-02T08:32:17: {
2025-02-02T08:32:17:   CardCode: 'IBG01029',
2025-02-02T08:32:17:   Comments: '',
2025-02-02T08:32:17:   DocDate: '2025-02-02',
2025-02-02T08:32:17:   DocDueDate: '2025-02-02',
2025-02-02T08:32:17:   DocCurrency: 'IQD',
2025-02-02T08:32:17:   DocumentLines: [
2025-02-02T08:32:17:     {
2025-02-02T08:32:17:       ItemCode: 'G00789',
2025-02-02T08:32:17:       Quantity: 1,
2025-02-02T08:32:17:       UnitPrice: 187500,
2025-02-02T08:32:17:       DiscountPercent: 0,
2025-02-02T08:32:17:       UoMEntry: 6,
2025-02-02T08:32:17:       WarehouseCode: '02'
2025-02-02T08:32:17:     }
2025-02-02T08:32:17:   ]
2025-02-02T08:32:17: }
2025-02-02T08:32:17: {
2025-02-02T08:32:17:   CardCode: 'IBG01029',
2025-02-02T08:32:17:   Comments: '',
2025-02-02T08:32:17:   DocDate: '2025-02-02',
2025-02-02T08:32:17:   DocDueDate: '2025-02-02',
2025-02-02T08:32:17:   DocCurrency: 'IQD',
2025-02-02T08:32:17:   DocumentLines: [
2025-02-02T08:32:17:     {
2025-02-02T08:32:17:       ItemCode: 'G00789',
2025-02-02T08:32:17:       Quantity: 1,
2025-02-02T08:32:17:       UnitPrice: 187500,
2025-02-02T08:32:17:       DiscountPercent: 0,
2025-02-02T08:32:17:       UoMEntry: 6,
2025-02-02T08:32:17:       WarehouseCode: '02'
2025-02-02T08:32:17:     }
2025-02-02T08:32:17:   ]
2025-02-02T08:32:17: }
2025-02-02T08:32:24: 346
2025-02-02T08:32:24: 346
2025-02-02T08:41:49: 346
2025-02-02T08:41:49: 346
2025-02-02T08:41:55: {
2025-02-02T08:41:55:   CardCode: 'IBG01029',
2025-02-02T08:41:55:   Comments: '',
2025-02-02T08:41:55:   DocDate: '2025-02-02',
2025-02-02T08:41:55:   DocDueDate: '2025-02-02',
2025-02-02T08:41:55:   DocCurrency: 'IQD',
2025-02-02T08:41:55:   DocumentLines: [
2025-02-02T08:41:55:     {
2025-02-02T08:41:55:       ItemCode: 'G00789',
2025-02-02T08:41:55:       Quantity: 1,
2025-02-02T08:41:55:       UnitPrice: 187500,
2025-02-02T08:41:55:       DiscountPercent: 0,
2025-02-02T08:41:55:       UoMEntry: 6,
2025-02-02T08:41:55:       WarehouseCode: '02'
2025-02-02T08:41:55:     }
2025-02-02T08:41:55:   ]
2025-02-02T08:41:55: }
2025-02-02T08:41:55: {
2025-02-02T08:41:55:   CardCode: 'IBG01029',
2025-02-02T08:41:55:   Comments: '',
2025-02-02T08:41:55:   DocDate: '2025-02-02',
2025-02-02T08:41:55:   DocDueDate: '2025-02-02',
2025-02-02T08:41:55:   DocCurrency: 'IQD',
2025-02-02T08:41:55:   DocumentLines: [
2025-02-02T08:41:55:     {
2025-02-02T08:41:55:       ItemCode: 'G00789',
2025-02-02T08:41:55:       Quantity: 1,
2025-02-02T08:41:55:       UnitPrice: 187500,
2025-02-02T08:41:55:       DiscountPercent: 0,
2025-02-02T08:41:55:       UoMEntry: 6,
2025-02-02T08:41:55:       WarehouseCode: '02'
2025-02-02T08:41:55:     }
2025-02-02T08:41:55:   ]
2025-02-02T08:41:55: }
2025-02-02T08:42:00: 348
2025-02-02T08:42:01: 348
2025-02-02T08:44:21: 346
2025-02-02T08:44:21: 346
2025-02-02T08:44:33: {
2025-02-02T08:44:33:   CardCode: 'IBG01029',
2025-02-02T08:44:33:   Comments: '',
2025-02-02T08:44:33:   DocDate: '2025-02-02',
2025-02-02T08:44:33:   DocDueDate: '2025-02-02',
2025-02-02T08:44:33:   DocCurrency: 'IQD',
2025-02-02T08:44:33:   DocumentLines: [
2025-02-02T08:44:33:     {
2025-02-02T08:44:33:       ItemCode: 'G00789',
2025-02-02T08:44:33:       Quantity: 1,
2025-02-02T08:44:33:       UnitPrice: 187500,
2025-02-02T08:44:33:       DiscountPercent: 0,
2025-02-02T08:44:33:       UoMEntry: 6,
2025-02-02T08:44:33:       WarehouseCode: '02'
2025-02-02T08:44:33:     }
2025-02-02T08:44:33:   ]
2025-02-02T08:44:33: }
2025-02-02T08:44:33: {
2025-02-02T08:44:33:   CardCode: 'IBG01029',
2025-02-02T08:44:33:   Comments: '',
2025-02-02T08:44:33:   DocDate: '2025-02-02',
2025-02-02T08:44:33:   DocDueDate: '2025-02-02',
2025-02-02T08:44:33:   DocCurrency: 'IQD',
2025-02-02T08:44:33:   DocumentLines: [
2025-02-02T08:44:33:     {
2025-02-02T08:44:33:       ItemCode: 'G00789',
2025-02-02T08:44:33:       Quantity: 1,
2025-02-02T08:44:33:       UnitPrice: 187500,
2025-02-02T08:44:33:       DiscountPercent: 0,
2025-02-02T08:44:33:       UoMEntry: 6,
2025-02-02T08:44:33:       WarehouseCode: '02'
2025-02-02T08:44:33:     }
2025-02-02T08:44:33:   ]
2025-02-02T08:44:33: }
2025-02-02T08:44:38: 350
2025-02-02T08:44:38: 350
2025-02-02T08:46:31: 118470
2025-02-02T08:46:31: 118470
2025-02-02T08:46:58: 318
2025-02-02T08:47:00: 318
2025-02-02T08:49:24: {
2025-02-02T08:49:24:   CardCode: 'OBG00211',
2025-02-02T08:49:24:   Comments: '',
2025-02-02T08:49:24:   DocDate: '2025-02-02',
2025-02-02T08:49:24:   DocDueDate: '2025-02-02',
2025-02-02T08:49:24:   DocCurrency: 'IQD',
2025-02-02T08:49:24:   DocumentLines: [
2025-02-02T08:49:24:     {
2025-02-02T08:49:24:       ItemCode: 'R00336',
2025-02-02T08:49:24:       Quantity: 1,
2025-02-02T08:49:24:       UnitPrice: 23625,
2025-02-02T08:49:24:       DiscountPercent: 0,
2025-02-02T08:49:24:       UoMEntry: 5,
2025-02-02T08:49:24:       WarehouseCode: '01'
2025-02-02T08:49:24:     },
2025-02-02T08:49:24:     {
2025-02-02T08:49:24:       ItemCode: 'S00060',
2025-02-02T08:49:24:       Quantity: 1,
2025-02-02T08:49:24:       UnitPrice: 97996.5,
2025-02-02T08:49:24:       DiscountPercent: 0,
2025-02-02T08:49:24:       UoMEntry: 18,
2025-02-02T08:49:24:       WarehouseCode: '02'
2025-02-02T08:49:24:     }
2025-02-02T08:49:24:   ]
2025-02-02T08:49:24: }
2025-02-02T08:49:24: {
2025-02-02T08:49:24:   CardCode: 'OBG00211',
2025-02-02T08:49:24:   Comments: '',
2025-02-02T08:49:24:   DocDate: '2025-02-02',
2025-02-02T08:49:24:   DocDueDate: '2025-02-02',
2025-02-02T08:49:24:   DocCurrency: 'IQD',
2025-02-02T08:49:24:   DocumentLines: [
2025-02-02T08:49:24:     {
2025-02-02T08:49:24:       ItemCode: 'R00336',
2025-02-02T08:49:24:       Quantity: 1,
2025-02-02T08:49:24:       UnitPrice: 23625,
2025-02-02T08:49:24:       DiscountPercent: 0,
2025-02-02T08:49:24:       UoMEntry: 5,
2025-02-02T08:49:24:       WarehouseCode: '01'
2025-02-02T08:49:24:     },
2025-02-02T08:49:24:     {
2025-02-02T08:49:24:       ItemCode: 'S00060',
2025-02-02T08:49:24:       Quantity: 1,
2025-02-02T08:49:24:       UnitPrice: 97996.5,
2025-02-02T08:49:24:       DiscountPercent: 0,
2025-02-02T08:49:24:       UoMEntry: 18,
2025-02-02T08:49:24:       WarehouseCode: '02'
2025-02-02T08:49:24:     }
2025-02-02T08:49:24:   ]
2025-02-02T08:49:24: }
2025-02-02T08:49:29: 352
2025-02-02T08:49:29: 352
2025-02-02T08:50:26: Roles in context: []
2025-02-02T08:50:26: Updated Items: []
2025-02-02T08:50:28: 352
2025-02-02T08:50:37: 318
2025-02-02T08:50:37: 318
2025-02-02T08:50:52: {
2025-02-02T08:50:52:   CardCode: 'OBG00211',
2025-02-02T08:50:52:   Comments: '',
2025-02-02T08:50:52:   DocDate: '2025-02-02',
2025-02-02T08:50:52:   DocDueDate: '2025-02-02',
2025-02-02T08:50:52:   DocCurrency: 'IQD',
2025-02-02T08:50:52:   DocumentLines: [
2025-02-02T08:50:52:     {
2025-02-02T08:50:52:       ItemCode: 'R00336',
2025-02-02T08:50:52:       Quantity: 1,
2025-02-02T08:50:52:       UnitPrice: 23625,
2025-02-02T08:50:52:       DiscountPercent: 0,
2025-02-02T08:50:52:       UoMEntry: 5,
2025-02-02T08:50:52:       WarehouseCode: '01'
2025-02-02T08:50:52:     },
2025-02-02T08:50:52:     {
2025-02-02T08:50:52:       ItemCode: 'S00060',
2025-02-02T08:50:52:       Quantity: 1,
2025-02-02T08:50:52:       UnitPrice: 97996.5,
2025-02-02T08:50:52:       DiscountPercent: 0,
2025-02-02T08:50:52:       UoMEntry: 18,
2025-02-02T08:50:52:       WarehouseCode: '02'
2025-02-02T08:50:52:     }
2025-02-02T08:50:52:   ]
2025-02-02T08:50:52: }
2025-02-02T08:50:52: {
2025-02-02T08:50:52:   CardCode: 'OBG00211',
2025-02-02T08:50:52:   Comments: '',
2025-02-02T08:50:52:   DocDate: '2025-02-02',
2025-02-02T08:50:52:   DocDueDate: '2025-02-02',
2025-02-02T08:50:52:   DocCurrency: 'IQD',
2025-02-02T08:50:52:   DocumentLines: [
2025-02-02T08:50:52:     {
2025-02-02T08:50:52:       ItemCode: 'R00336',
2025-02-02T08:50:52:       Quantity: 1,
2025-02-02T08:50:52:       UnitPrice: 23625,
2025-02-02T08:50:52:       DiscountPercent: 0,
2025-02-02T08:50:52:       UoMEntry: 5,
2025-02-02T08:50:52:       WarehouseCode: '01'
2025-02-02T08:50:52:     },
2025-02-02T08:50:52:     {
2025-02-02T08:50:52:       ItemCode: 'S00060',
2025-02-02T08:50:52:       Quantity: 1,
2025-02-02T08:50:52:       UnitPrice: 97996.5,
2025-02-02T08:50:52:       DiscountPercent: 0,
2025-02-02T08:50:52:       UoMEntry: 18,
2025-02-02T08:50:52:       WarehouseCode: '02'
2025-02-02T08:50:52:     }
2025-02-02T08:50:52:   ]
2025-02-02T08:50:52: }
2025-02-02T08:50:55: 354
2025-02-02T08:50:55: X [AxiosError]: Request failed with status code 404
2025-02-02T08:50:55:     at eL (C:\Users\Administrator\Documents\erp system js\Nibras-Erp-sys-Admin-All-Warehouse\Nibras-Erp-Sys-SapB1-all-warehouse\.next\server\chunks\2422.js:1:47984)
2025-02-02T08:50:55:     at Unzip.<anonymous> (C:\Users\Administrator\Documents\erp system js\Nibras-Erp-sys-Admin-All-Warehouse\Nibras-Erp-Sys-SapB1-all-warehouse\.next\server\chunks\2422.js:3:9459)
2025-02-02T08:50:55:     at Unzip.emit (node:events:529:35)
2025-02-02T08:50:55:     at endReadableNT (node:internal/streams/readable:1368:12)
2025-02-02T08:50:55:     at process.processTicksAndRejections (node:internal/process/task_queues:82:21)
2025-02-02T08:50:55:     at aM.request (C:\Users\Administrator\Documents\erp system js\Nibras-Erp-sys-Admin-All-Warehouse\Nibras-Erp-Sys-SapB1-all-warehouse\.next\server\chunks\2422.js:3:21562)
2025-02-02T08:50:55:     at process.processTicksAndRejections (node:internal/process/task_queues:95:5)
2025-02-02T08:50:55:     at async c (C:\Users\Administrator\Documents\erp system js\Nibras-Erp-sys-Admin-All-Warehouse\Nibras-Erp-Sys-SapB1-all-warehouse\.next\server\app\api\invoiceDetails\route.js:1:1196)
2025-02-02T08:50:55:     at async C:\Users\Administrator\Documents\erp system js\Nibras-Erp-sys-Admin-All-Warehouse\Nibras-Erp-Sys-SapB1-all-warehouse\node_modules\next\dist\compiled\next-server\app-route.runtime.prod.js:6:36957
2025-02-02T08:50:55:     at async eC.execute (C:\Users\Administrator\Documents\erp system js\Nibras-Erp-sys-Admin-All-Warehouse\Nibras-Erp-Sys-SapB1-all-warehouse\node_modules\next\dist\compiled\next-server\app-route.runtime.prod.js:6:27552)
2025-02-02T08:50:55:     at async eC.handle (C:\Users\Administrator\Documents\erp system js\Nibras-Erp-sys-Admin-All-Warehouse\Nibras-Erp-Sys-SapB1-all-warehouse\node_modules\next\dist\compiled\next-server\app-route.runtime.prod.js:6:38291)
2025-02-02T08:50:55:     at async doRender (C:\Users\Administrator\Documents\erp system js\Nibras-Erp-sys-Admin-All-Warehouse\Nibras-Erp-Sys-SapB1-all-warehouse\node_modules\next\dist\server\base-server.js:1345:42)
2025-02-02T08:50:55:     at async cacheEntry.responseCache.get.routeKind (C:\Users\Administrator\Documents\erp system js\Nibras-Erp-sys-Admin-All-Warehouse\Nibras-Erp-Sys-SapB1-all-warehouse\node_modules\next\dist\server\base-server.js:1567:28)
2025-02-02T08:50:55:     at async NextNodeServer.renderToResponseWithComponentsImpl (C:\Users\Administrator\Documents\erp system js\Nibras-Erp-sys-Admin-All-Warehouse\Nibras-Erp-Sys-SapB1-all-warehouse\node_modules\next\dist\server\base-server.js:1475:28)
2025-02-02T08:50:55:     at async NextNodeServer.renderPageComponent (C:\Users\Administrator\Documents\erp system js\Nibras-Erp-sys-Admin-All-Warehouse\Nibras-Erp-Sys-SapB1-all-warehouse\node_modules\next\dist\server\base-server.js:1901:24) {
2025-02-02T08:50:55:   code: 'ERR_BAD_REQUEST',
2025-02-02T08:50:55:   config: {
2025-02-02T08:50:55:     transitional: {
2025-02-02T08:50:55:       silentJSONParsing: true,
2025-02-02T08:50:55:       forcedJSONParsing: true,
2025-02-02T08:50:55:       clarifyTimeoutError: false
2025-02-02T08:50:55:     },
2025-02-02T08:50:55:     adapter: [ 'xhr', 'http', 'fetch' ],
2025-02-02T08:50:55:     transformRequest: [ [Function (anonymous)] ],
2025-02-02T08:50:55:     transformResponse: [ [Function (anonymous)] ],
2025-02-02T08:50:55:     timeout: 0,
2025-02-02T08:50:55:     xsrfCookieName: 'XSRF-TOKEN',
2025-02-02T08:50:55:     xsrfHeaderName: 'X-XSRF-TOKEN',
2025-02-02T08:50:55:     maxContentLength: -1,
2025-02-02T08:50:55:     maxBodyLength: -1,
2025-02-02T08:50:55:     env: { FormData: [Function], Blob: [class Blob] },
2025-02-02T08:50:55:     validateStatus: [Function: validateStatus],
2025-02-02T08:50:55:     headers: Object [AxiosHeaders] {
2025-02-02T08:50:55:       Accept: 'application/json, text/plain, */*',
2025-02-02T08:50:55:       'Content-Type': 'application/json',
2025-02-02T08:50:55:       Cookie: 'B1SESSION=aaaee16e-e129-11ef-8000-b42e99ab1ca6',
2025-02-02T08:50:55:       'User-Agent': 'axios/1.7.7',
2025-02-02T08:50:55:       'Accept-Encoding': 'gzip, compress, deflate, br'
2025-02-02T08:50:55:     },
2025-02-02T08:50:55:     httpsAgent: Agent {
2025-02-02T08:50:55:       _events: [Object: null prototype],
2025-02-02T08:50:55:       _eventsCount: 2,
2025-02-02T08:50:55:       _maxListeners: undefined,
2025-02-02T08:50:55:       defaultPort: 443,
2025-02-02T08:50:55:       protocol: 'https:',
2025-02-02T08:50:55:       options: [Object: null prototype],
2025-02-02T08:50:55:       requests: [Object: null prototype] {},
2025-02-02T08:50:55:       sockets: [Object: null prototype] {},
2025-02-02T08:50:55:       freeSockets: [Object: null prototype] {},
2025-02-02T08:50:55:       keepAliveMsecs: 1000,
2025-02-02T08:50:55:       keepAlive: false,
2025-02-02T08:50:55:       maxSockets: Infinity,
2025-02-02T08:50:55:       maxFreeSockets: 256,
2025-02-02T08:50:55:       scheduling: 'lifo',
2025-02-02T08:50:55:       maxTotalSockets: Infinity,
2025-02-02T08:50:55:       totalSocketCount: 0,
2025-02-02T08:50:55:       maxCachedSessions: 100,
2025-02-02T08:50:55:       _sessionCache: [Object],
2025-02-02T08:50:55:       [Symbol(kCapture)]: false
2025-02-02T08:50:55:     },
2025-02-02T08:50:55:     method: 'get',
2025-02-02T08:50:55:     url: 'https://hanab1:50000/b1s/v1/Orders(354)',
2025-02-02T08:50:55:     data: undefined
2025-02-02T08:50:55:   },
2025-02-02T08:50:55:   request: <ref *1> ClientRequest {
2025-02-02T08:50:55:     _events: [Object: null prototype] {
2025-02-02T08:50:55:       abort: [Function (anonymous)],
2025-02-02T08:50:55:       aborted: [Function (anonymous)],
2025-02-02T08:50:55:       connect: [Function (anonymous)],
2025-02-02T08:50:55:       error: [Function (anonymous)],
2025-02-02T08:50:55:       socket: [Function (anonymous)],
2025-02-02T08:50:55:       timeout: [Function (anonymous)],
2025-02-02T08:50:55:       finish: [Function: requestOnFinish]
2025-02-02T08:50:55:     },
2025-02-02T08:50:55:     _eventsCount: 7,
2025-02-02T08:50:55:     _maxListeners: undefined,
2025-02-02T08:50:55:     outputData: [],
2025-02-02T08:50:55:     outputSize: 0,
2025-02-02T08:50:55:     writable: true,
2025-02-02T08:50:55:     destroyed: true,
2025-02-02T08:50:55:     _last: true,
2025-02-02T08:50:55:     chunkedEncoding: false,
2025-02-02T08:50:55:     shouldKeepAlive: false,
2025-02-02T08:50:55:     maxRequestsOnConnectionReached: false,
2025-02-02T08:50:55:     _defaultKeepAlive: true,
2025-02-02T08:50:55:     useChunkedEncodingByDefault: false,
2025-02-02T08:50:55:     sendDate: false,
2025-02-02T08:50:55:     _removedConnection: false,
2025-02-02T08:50:55:     _removedContLen: false,
2025-02-02T08:50:55:     _removedTE: false,
2025-02-02T08:50:55:     strictContentLength: false,
2025-02-02T08:50:55:     _contentLength: 0,
2025-02-02T08:50:55:     _hasBody: true,
2025-02-02T08:50:55:     _trailer: '',
2025-02-02T08:50:55:     finished: true,
2025-02-02T08:50:55:     _headerSent: true,
2025-02-02T08:50:55:     _closed: true,
2025-02-02T08:50:55:     socket: TLSSocket {
2025-02-02T08:50:55:       _tlsOptions: [Object],
2025-02-02T08:50:55:       _secureEstablished: true,
2025-02-02T08:50:55:       _securePending: false,
2025-02-02T08:50:55:       _newSessionPending: false,
2025-02-02T08:50:55:       _controlReleased: true,
2025-02-02T08:50:55:       secureConnecting: false,
2025-02-02T08:50:55:       _SNICallback: null,
2025-02-02T08:50:55:       servername: 'hanab1',
2025-02-02T08:50:55:       alpnProtocol: false,
2025-02-02T08:50:55:       authorized: false,
2025-02-02T08:50:55:       authorizationError: 'CERT_HAS_EXPIRED',
2025-02-02T08:50:55:       encrypted: true,
2025-02-02T08:50:55:       _events: [Object: null prototype],
2025-02-02T08:50:55:       _eventsCount: 9,
2025-02-02T08:50:55:       connecting: false,
2025-02-02T08:50:55:       _hadError: false,
2025-02-02T08:50:55:       _parent: null,
2025-02-02T08:50:55:       _host: 'hanab1',
2025-02-02T08:50:55:       _closeAfterHandlingError: false,
2025-02-02T08:50:55:       _readableState: [ReadableState],
2025-02-02T08:50:55:       _maxListeners: undefined,
2025-02-02T08:50:55:       _writableState: [WritableState],
2025-02-02T08:50:55:       allowHalfOpen: false,
2025-02-02T08:50:55:       _sockname: null,
2025-02-02T08:50:55:       _pendingData: null,
2025-02-02T08:50:55:       _pendingEncoding: '',
2025-02-02T08:50:55:       server: undefined,
2025-02-02T08:50:55:       _server: null,
2025-02-02T08:50:55:       ssl: null,
2025-02-02T08:50:55:       _requestCert: true,
2025-02-02T08:50:55:       _rejectUnauthorized: false,
2025-02-02T08:50:55:       parser: null,
2025-02-02T08:50:55:       _httpMessage: [Circular *1],
2025-02-02T08:50:55:       write: [Function: writeAfterFIN],
2025-02-02T08:50:55:       [Symbol(res)]: null,
2025-02-02T08:50:55:       [Symbol(verified)]: true,
2025-02-02T08:50:55:       [Symbol(pendingSession)]: null,
2025-02-02T08:50:55:       [Symbol(async_id_symbol)]: 225445,
2025-02-02T08:50:55:       [Symbol(kHandle)]: null,
2025-02-02T08:50:55:       [Symbol(lastWriteQueueSize)]: 0,
2025-02-02T08:50:55:       [Symbol(timeout)]: null,
2025-02-02T08:50:55:       [Symbol(kBuffer)]: null,
2025-02-02T08:50:55:       [Symbol(kBufferCb)]: null,
2025-02-02T08:50:55:       [Symbol(kBufferGen)]: null,
2025-02-02T08:50:55:       [Symbol(kCapture)]: false,
2025-02-02T08:50:55:       [Symbol(kSetNoDelay)]: false,
2025-02-02T08:50:55:       [Symbol(kSetKeepAlive)]: true,
2025-02-02T08:50:55:       [Symbol(kSetKeepAliveInitialDelay)]: 60,
2025-02-02T08:50:55:       [Symbol(kBytesRead)]: 438,
2025-02-02T08:50:55:       [Symbol(kBytesWritten)]: 277,
2025-02-02T08:50:55:       [Symbol(connect-options)]: [Object]
2025-02-02T08:50:55:     },
2025-02-02T08:50:55:     _header: 'GET /b1s/v1/Orders(354) HTTP/1.1\r\n' +
2025-02-02T08:50:55:       'Accept: application/json, text/plain, */*\r\n' +
2025-02-02T08:50:55:       'Content-Type: application/json\r\n' +
2025-02-02T08:50:55:       'Cookie: B1SESSION=aaaee16e-e129-11ef-8000-b42e99ab1ca6\r\n' +
2025-02-02T08:50:55:       'User-Agent: axios/1.7.7\r\n' +
2025-02-02T08:50:55:       'Accept-Encoding: gzip, compress, deflate, br\r\n' +
2025-02-02T08:50:55:       'Host: hanab1:50000\r\n' +
2025-02-02T08:50:55:       'Connection: close\r\n' +
2025-02-02T08:50:55:       '\r\n',
2025-02-02T08:50:55:     _keepAliveTimeout: 0,
2025-02-02T08:50:55:     _onPendingData: [Function: nop],
2025-02-02T08:50:55:     agent: Agent {
2025-02-02T08:50:55:       _events: [Object: null prototype],
2025-02-02T08:50:55:       _eventsCount: 2,
2025-02-02T08:50:55:       _maxListeners: undefined,
2025-02-02T08:50:55:       defaultPort: 443,
2025-02-02T08:50:55:       protocol: 'https:',
2025-02-02T08:50:55:       options: [Object: null prototype],
2025-02-02T08:50:55:       requests: [Object: null prototype] {},
2025-02-02T08:50:55:       sockets: [Object: null prototype] {},
2025-02-02T08:50:55:       freeSockets: [Object: null prototype] {},
2025-02-02T08:50:55:       keepAliveMsecs: 1000,
2025-02-02T08:50:55:       keepAlive: false,
2025-02-02T08:50:55:       maxSockets: Infinity,
2025-02-02T08:50:55:       maxFreeSockets: 256,
2025-02-02T08:50:55:       scheduling: 'lifo',
2025-02-02T08:50:55:       maxTotalSockets: Infinity,
2025-02-02T08:50:55:       totalSocketCount: 0,
2025-02-02T08:50:55:       maxCachedSessions: 100,
2025-02-02T08:50:55:       _sessionCache: [Object],
2025-02-02T08:50:55:       [Symbol(kCapture)]: false
2025-02-02T08:50:55:     },
2025-02-02T08:50:55:     socketPath: undefined,
2025-02-02T08:50:55:     method: 'GET',
2025-02-02T08:50:55:     maxHeaderSize: undefined,
2025-02-02T08:50:55:     insecureHTTPParser: undefined,
2025-02-02T08:50:55:     joinDuplicateHeaders: undefined,
2025-02-02T08:50:55:     path: '/b1s/v1/Orders(354)',
2025-02-02T08:50:55:     _ended: true,
2025-02-02T08:50:55:     res: IncomingMessage {
2025-02-02T08:50:55:       _readableState: [ReadableState],
2025-02-02T08:50:55:       _events: [Object: null prototype],
2025-02-02T08:50:55:       _eventsCount: 4,
2025-02-02T08:50:55:       _maxListeners: undefined,
2025-02-02T08:50:55:       socket: [TLSSocket],
2025-02-02T08:50:55:       httpVersionMajor: 1,
2025-02-02T08:50:55:       httpVersionMinor: 1,
2025-02-02T08:50:55:       httpVersion: '1.1',
2025-02-02T08:50:55:       complete: true,
2025-02-02T08:50:55:       rawHeaders: [Array],
2025-02-02T08:50:55:       rawTrailers: [],
2025-02-02T08:50:55:       joinDuplicateHeaders: undefined,
2025-02-02T08:50:55:       aborted: false,
2025-02-02T08:50:55:       upgrade: false,
2025-02-02T08:50:55:       url: '',
2025-02-02T08:50:55:       method: null,
2025-02-02T08:50:55:       statusCode: 404,
2025-02-02T08:50:55:       statusMessage: 'Not Found',
2025-02-02T08:50:55:       client: [TLSSocket],
2025-02-02T08:50:55:       _consuming: false,
2025-02-02T08:50:55:       _dumped: false,
2025-02-02T08:50:55:       req: [Circular *1],
2025-02-02T08:50:55:       responseUrl: 'https://hanab1:50000/b1s/v1/Orders(354)',
2025-02-02T08:50:55:       redirects: [],
2025-02-02T08:50:55:       [Symbol(kCapture)]: false,
2025-02-02T08:50:55:       [Symbol(kHeaders)]: [Object],
2025-02-02T08:50:55:       [Symbol(kHeadersCount)]: 18,
2025-02-02T08:50:55:       [Symbol(kTrailers)]: null,
2025-02-02T08:50:55:       [Symbol(kTrailersCount)]: 0
2025-02-02T08:50:55:     },
2025-02-02T08:50:55:     aborted: false,
2025-02-02T08:50:55:     timeoutCb: null,
2025-02-02T08:50:55:     upgradeOrConnect: false,
2025-02-02T08:50:55:     parser: null,
2025-02-02T08:50:55:     maxHeadersCount: null,
2025-02-02T08:50:55:     reusedSocket: false,
2025-02-02T08:50:55:     host: 'hanab1',
2025-02-02T08:50:55:     protocol: 'https:',
2025-02-02T08:50:55:     _redirectable: Writable {
2025-02-02T08:50:55:       _writableState: [WritableState],
2025-02-02T08:50:55:       _events: [Object: null prototype],
2025-02-02T08:50:55:       _eventsCount: 3,
2025-02-02T08:50:55:       _maxListeners: undefined,
2025-02-02T08:50:55:       _options: [Object],
2025-02-02T08:50:55:       _ended: true,
2025-02-02T08:50:55:       _ending: true,
2025-02-02T08:50:55:       _redirectCount: 0,
2025-02-02T08:50:55:       _redirects: [],
2025-02-02T08:50:55:       _requestBodyLength: 0,
2025-02-02T08:50:55:       _requestBodyBuffers: [],
2025-02-02T08:50:55:       _onNativeResponse: [Function (anonymous)],
2025-02-02T08:50:55:       _currentRequest: [Circular *1],
2025-02-02T08:50:55:       _currentUrl: 'https://hanab1:50000/b1s/v1/Orders(354)',
2025-02-02T08:50:55:       [Symbol(kCapture)]: false
2025-02-02T08:50:55:     },
2025-02-02T08:50:55:     [Symbol(kCapture)]: false,
2025-02-02T08:50:55:     [Symbol(kBytesWritten)]: 0,
2025-02-02T08:50:55:     [Symbol(kNeedDrain)]: false,
2025-02-02T08:50:55:     [Symbol(corked)]: 0,
2025-02-02T08:50:55:     [Symbol(kOutHeaders)]: [Object: null prototype] {
2025-02-02T08:50:55:       accept: [Array],
2025-02-02T08:50:55:       'content-type': [Array],
2025-02-02T08:50:55:       cookie: [Array],
2025-02-02T08:50:55:       'user-agent': [Array],
2025-02-02T08:50:55:       'accept-encoding': [Array],
2025-02-02T08:50:55:       host: [Array]
2025-02-02T08:50:55:     },
2025-02-02T08:50:55:     [Symbol(errored)]: null,
2025-02-02T08:50:55:     [Symbol(kHighWaterMark)]: 16384,
2025-02-02T08:50:55:     [Symbol(kRejectNonStandardBodyWrites)]: false,
2025-02-02T08:50:55:     [Symbol(kUniqueHeaders)]: null
2025-02-02T08:50:55:   },
2025-02-02T08:50:55:   response: {
2025-02-02T08:50:55:     status: 404,
2025-02-02T08:50:55:     statusText: 'Not Found',
2025-02-02T08:50:55:     headers: Object [AxiosHeaders] {
2025-02-02T08:50:55:       date: 'Sun, 02 Feb 2025 05:51:23 GMT',
2025-02-02T08:50:55:       server: 'Apache/2.4.51 (Unix)',
2025-02-02T08:50:55:       dataserviceversion: '3.0',
2025-02-02T08:50:55:       'content-type': 'application/json;charset=utf-8',
2025-02-02T08:50:55:       vary: 'Accept-Encoding',
2025-02-02T08:50:55:       'set-cookie': [Array],
2025-02-02T08:50:55:       'content-length': '130',
2025-02-02T08:50:55:       connection: 'close'
2025-02-02T08:50:55:     },
2025-02-02T08:50:55:     config: {
2025-02-02T08:50:55:       transitional: [Object],
2025-02-02T08:50:55:       adapter: [Array],
2025-02-02T08:50:55:       transformRequest: [Array],
2025-02-02T08:50:55:       transformResponse: [Array],
2025-02-02T08:50:55:       timeout: 0,
2025-02-02T08:50:55:       xsrfCookieName: 'XSRF-TOKEN',
2025-02-02T08:50:55:       xsrfHeaderName: 'X-XSRF-TOKEN',
2025-02-02T08:50:55:       maxContentLength: -1,
2025-02-02T08:50:55:       maxBodyLength: -1,
2025-02-02T08:50:55:       env: [Object],
2025-02-02T08:50:55:       validateStatus: [Function: validateStatus],
2025-02-02T08:50:55:       headers: [Object [AxiosHeaders]],
2025-02-02T08:50:55:       httpsAgent: [Agent],
2025-02-02T08:50:55:       method: 'get',
2025-02-02T08:50:55:       url: 'https://hanab1:50000/b1s/v1/Orders(354)',
2025-02-02T08:50:55:       data: undefined
2025-02-02T08:50:55:     },
2025-02-02T08:50:55:     request: <ref *1> ClientRequest {
2025-02-02T08:50:55:       _events: [Object: null prototype],
2025-02-02T08:50:55:       _eventsCount: 7,
2025-02-02T08:50:55:       _maxListeners: undefined,
2025-02-02T08:50:55:       outputData: [],
2025-02-02T08:50:55:       outputSize: 0,
2025-02-02T08:50:55:       writable: true,
2025-02-02T08:50:55:       destroyed: true,
2025-02-02T08:50:55:       _last: true,
2025-02-02T08:50:55:       chunkedEncoding: false,
2025-02-02T08:50:55:       shouldKeepAlive: false,
2025-02-02T08:50:55:       maxRequestsOnConnectionReached: false,
2025-02-02T08:50:55:       _defaultKeepAlive: true,
2025-02-02T08:50:55:       useChunkedEncodingByDefault: false,
2025-02-02T08:50:55:       sendDate: false,
2025-02-02T08:50:55:       _removedConnection: false,
2025-02-02T08:50:55:       _removedContLen: false,
2025-02-02T08:50:55:       _removedTE: false,
2025-02-02T08:50:55:       strictContentLength: false,
2025-02-02T08:50:55:       _contentLength: 0,
2025-02-02T08:50:55:       _hasBody: true,
2025-02-02T08:50:55:       _trailer: '',
2025-02-02T08:50:55:       finished: true,
2025-02-02T08:50:55:       _headerSent: true,
2025-02-02T08:50:55:       _closed: true,
2025-02-02T08:50:55:       socket: [TLSSocket],
2025-02-02T08:50:55:       _header: 'GET /b1s/v1/Orders(354) HTTP/1.1\r\n' +
2025-02-02T08:50:55:         'Accept: application/json, text/plain, */*\r\n' +
2025-02-02T08:50:55:         'Content-Type: application/json\r\n' +
2025-02-02T08:50:55:         'Cookie: B1SESSION=aaaee16e-e129-11ef-8000-b42e99ab1ca6\r\n' +
2025-02-02T08:50:55:         'User-Agent: axios/1.7.7\r\n' +
2025-02-02T08:50:55:         'Accept-Encoding: gzip, compress, deflate, br\r\n' +
2025-02-02T08:50:55:         'Host: hanab1:50000\r\n' +
2025-02-02T08:50:55:         'Connection: close\r\n' +
2025-02-02T08:50:55:         '\r\n',
2025-02-02T08:50:55:       _keepAliveTimeout: 0,
2025-02-02T08:50:55:       _onPendingData: [Function: nop],
2025-02-02T08:50:55:       agent: [Agent],
2025-02-02T08:50:55:       socketPath: undefined,
2025-02-02T08:50:55:       method: 'GET',
2025-02-02T08:50:55:       maxHeaderSize: undefined,
2025-02-02T08:50:55:       insecureHTTPParser: undefined,
2025-02-02T08:50:55:       joinDuplicateHeaders: undefined,
2025-02-02T08:50:55:       path: '/b1s/v1/Orders(354)',
2025-02-02T08:50:55:       _ended: true,
2025-02-02T08:50:55:       res: [IncomingMessage],
2025-02-02T08:50:55:       aborted: false,
2025-02-02T08:50:55:       timeoutCb: null,
2025-02-02T08:50:55:       upgradeOrConnect: false,
2025-02-02T08:50:55:       parser: null,
2025-02-02T08:50:55:       maxHeadersCount: null,
2025-02-02T08:50:55:       reusedSocket: false,
2025-02-02T08:50:55:       host: 'hanab1',
2025-02-02T08:50:55:       protocol: 'https:',
2025-02-02T08:50:55:       _redirectable: [Writable],
2025-02-02T08:50:55:       [Symbol(kCapture)]: false,
2025-02-02T08:50:55:       [Symbol(kBytesWritten)]: 0,
2025-02-02T08:50:55:       [Symbol(kNeedDrain)]: false,
2025-02-02T08:50:55:       [Symbol(corked)]: 0,
2025-02-02T08:50:55:       [Symbol(kOutHeaders)]: [Object: null prototype],
2025-02-02T08:50:55:       [Symbol(errored)]: null,
2025-02-02T08:50:55:       [Symbol(kHighWaterMark)]: 16384,
2025-02-02T08:50:55:       [Symbol(kRejectNonStandardBodyWrites)]: false,
2025-02-02T08:50:55:       [Symbol(kUniqueHeaders)]: null
2025-02-02T08:50:55:     },
2025-02-02T08:50:55:     data: { error: [Object] }
2025-02-02T08:50:55:   },
2025-02-02T08:50:55:   status: 404
2025-02-02T08:50:55: }
2025-02-02T08:50:55: 354
2025-02-02T08:50:57: X [AxiosError]: Request failed with status code 404
2025-02-02T08:50:57:     at eL (C:\Users\Administrator\Documents\erp system js\Nibras-Erp-sys-Admin-All-Warehouse\Nibras-Erp-Sys-SapB1-all-warehouse\.next\server\chunks\2422.js:1:47984)
2025-02-02T08:50:57:     at Unzip.<anonymous> (C:\Users\Administrator\Documents\erp system js\Nibras-Erp-sys-Admin-All-Warehouse\Nibras-Erp-Sys-SapB1-all-warehouse\.next\server\chunks\2422.js:3:9459)
2025-02-02T08:50:57:     at Unzip.emit (node:events:529:35)
2025-02-02T08:50:57:     at endReadableNT (node:internal/streams/readable:1368:12)
2025-02-02T08:50:57:     at process.processTicksAndRejections (node:internal/process/task_queues:82:21)
2025-02-02T08:50:57:     at aM.request (C:\Users\Administrator\Documents\erp system js\Nibras-Erp-sys-Admin-All-Warehouse\Nibras-Erp-Sys-SapB1-all-warehouse\.next\server\chunks\2422.js:3:21562)
2025-02-02T08:50:57:     at process.processTicksAndRejections (node:internal/process/task_queues:95:5)
2025-02-02T08:50:57:     at async c (C:\Users\Administrator\Documents\erp system js\Nibras-Erp-sys-Admin-All-Warehouse\Nibras-Erp-Sys-SapB1-all-warehouse\.next\server\app\api\invoiceDetails\route.js:1:1196)
2025-02-02T08:50:57:     at async C:\Users\Administrator\Documents\erp system js\Nibras-Erp-sys-Admin-All-Warehouse\Nibras-Erp-Sys-SapB1-all-warehouse\node_modules\next\dist\compiled\next-server\app-route.runtime.prod.js:6:36957
2025-02-02T08:50:57:     at async eC.execute (C:\Users\Administrator\Documents\erp system js\Nibras-Erp-sys-Admin-All-Warehouse\Nibras-Erp-Sys-SapB1-all-warehouse\node_modules\next\dist\compiled\next-server\app-route.runtime.prod.js:6:27552)
2025-02-02T08:50:57:     at async eC.handle (C:\Users\Administrator\Documents\erp system js\Nibras-Erp-sys-Admin-All-Warehouse\Nibras-Erp-Sys-SapB1-all-warehouse\node_modules\next\dist\compiled\next-server\app-route.runtime.prod.js:6:38291)
2025-02-02T08:50:57:     at async doRender (C:\Users\Administrator\Documents\erp system js\Nibras-Erp-sys-Admin-All-Warehouse\Nibras-Erp-Sys-SapB1-all-warehouse\node_modules\next\dist\server\base-server.js:1345:42)
2025-02-02T08:50:57:     at async cacheEntry.responseCache.get.routeKind (C:\Users\Administrator\Documents\erp system js\Nibras-Erp-sys-Admin-All-Warehouse\Nibras-Erp-Sys-SapB1-all-warehouse\node_modules\next\dist\server\base-server.js:1567:28)
2025-02-02T08:50:57:     at async NextNodeServer.renderToResponseWithComponentsImpl (C:\Users\Administrator\Documents\erp system js\Nibras-Erp-sys-Admin-All-Warehouse\Nibras-Erp-Sys-SapB1-all-warehouse\node_modules\next\dist\server\base-server.js:1475:28)
2025-02-02T08:50:57:     at async NextNodeServer.renderPageComponent (C:\Users\Administrator\Documents\erp system js\Nibras-Erp-sys-Admin-All-Warehouse\Nibras-Erp-Sys-SapB1-all-warehouse\node_modules\next\dist\server\base-server.js:1901:24) {
2025-02-02T08:50:57:   code: 'ERR_BAD_REQUEST',
2025-02-02T08:50:57:   config: {
2025-02-02T08:50:57:     transitional: {
2025-02-02T08:50:57:       silentJSONParsing: true,
2025-02-02T08:50:57:       forcedJSONParsing: true,
2025-02-02T08:50:57:       clarifyTimeoutError: false
2025-02-02T08:50:57:     },
2025-02-02T08:50:57:     adapter: [ 'xhr', 'http', 'fetch' ],
2025-02-02T08:50:57:     transformRequest: [ [Function (anonymous)] ],
2025-02-02T08:50:57:     transformResponse: [ [Function (anonymous)] ],
2025-02-02T08:50:57:     timeout: 0,
2025-02-02T08:50:57:     xsrfCookieName: 'XSRF-TOKEN',
2025-02-02T08:50:57:     xsrfHeaderName: 'X-XSRF-TOKEN',
2025-02-02T08:50:57:     maxContentLength: -1,
2025-02-02T08:50:57:     maxBodyLength: -1,
2025-02-02T08:50:57:     env: { FormData: [Function], Blob: [class Blob] },
2025-02-02T08:50:57:     validateStatus: [Function: validateStatus],
2025-02-02T08:50:57:     headers: Object [AxiosHeaders] {
2025-02-02T08:50:57:       Accept: 'application/json, text/plain, */*',
2025-02-02T08:50:57:       'Content-Type': 'application/json',
2025-02-02T08:50:57:       Cookie: 'B1SESSION=aaaee16e-e129-11ef-8000-b42e99ab1ca6',
2025-02-02T08:50:57:       'User-Agent': 'axios/1.7.7',
2025-02-02T08:50:57:       'Accept-Encoding': 'gzip, compress, deflate, br'
2025-02-02T08:50:57:     },
2025-02-02T08:50:57:     httpsAgent: Agent {
2025-02-02T08:50:57:       _events: [Object: null prototype],
2025-02-02T08:50:57:       _eventsCount: 2,
2025-02-02T08:50:57:       _maxListeners: undefined,
2025-02-02T08:50:57:       defaultPort: 443,
2025-02-02T08:50:57:       protocol: 'https:',
2025-02-02T08:50:57:       options: [Object: null prototype],
2025-02-02T08:50:57:       requests: [Object: null prototype] {},
2025-02-02T08:50:57:       sockets: [Object: null prototype] {},
2025-02-02T08:50:57:       freeSockets: [Object: null prototype] {},
2025-02-02T08:50:57:       keepAliveMsecs: 1000,
2025-02-02T08:50:57:       keepAlive: false,
2025-02-02T08:50:57:       maxSockets: Infinity,
2025-02-02T08:50:57:       maxFreeSockets: 256,
2025-02-02T08:50:57:       scheduling: 'lifo',
2025-02-02T08:50:57:       maxTotalSockets: Infinity,
2025-02-02T08:50:57:       totalSocketCount: 0,
2025-02-02T08:50:57:       maxCachedSessions: 100,
2025-02-02T08:50:57:       _sessionCache: [Object],
2025-02-02T08:50:57:       [Symbol(kCapture)]: false
2025-02-02T08:50:57:     },
2025-02-02T08:50:57:     method: 'get',
2025-02-02T08:50:57:     url: 'https://hanab1:50000/b1s/v1/Orders(354)',
2025-02-02T08:50:57:     data: undefined
2025-02-02T08:50:57:   },
2025-02-02T08:50:57:   request: <ref *1> ClientRequest {
2025-02-02T08:50:57:     _events: [Object: null prototype] {
2025-02-02T08:50:57:       abort: [Function (anonymous)],
2025-02-02T08:50:57:       aborted: [Function (anonymous)],
2025-02-02T08:50:57:       connect: [Function (anonymous)],
2025-02-02T08:50:57:       error: [Function (anonymous)],
2025-02-02T08:50:57:       socket: [Function (anonymous)],
2025-02-02T08:50:57:       timeout: [Function (anonymous)],
2025-02-02T08:50:57:       finish: [Function: requestOnFinish]
2025-02-02T08:50:57:     },
2025-02-02T08:50:57:     _eventsCount: 7,
2025-02-02T08:50:57:     _maxListeners: undefined,
2025-02-02T08:50:57:     outputData: [],
2025-02-02T08:50:57:     outputSize: 0,
2025-02-02T08:50:57:     writable: true,
2025-02-02T08:50:57:     destroyed: true,
2025-02-02T08:50:57:     _last: true,
2025-02-02T08:50:57:     chunkedEncoding: false,
2025-02-02T08:50:57:     shouldKeepAlive: false,
2025-02-02T08:50:57:     maxRequestsOnConnectionReached: false,
2025-02-02T08:50:57:     _defaultKeepAlive: true,
2025-02-02T08:50:57:     useChunkedEncodingByDefault: false,
2025-02-02T08:50:57:     sendDate: false,
2025-02-02T08:50:57:     _removedConnection: false,
2025-02-02T08:50:57:     _removedContLen: false,
2025-02-02T08:50:57:     _removedTE: false,
2025-02-02T08:50:57:     strictContentLength: false,
2025-02-02T08:50:57:     _contentLength: 0,
2025-02-02T08:50:57:     _hasBody: true,
2025-02-02T08:50:57:     _trailer: '',
2025-02-02T08:50:57:     finished: true,
2025-02-02T08:50:57:     _headerSent: true,
2025-02-02T08:50:57:     _closed: true,
2025-02-02T08:50:57:     socket: TLSSocket {
2025-02-02T08:50:57:       _tlsOptions: [Object],
2025-02-02T08:50:57:       _secureEstablished: true,
2025-02-02T08:50:57:       _securePending: false,
2025-02-02T08:50:57:       _newSessionPending: false,
2025-02-02T08:50:57:       _controlReleased: true,
2025-02-02T08:50:57:       secureConnecting: false,
2025-02-02T08:50:57:       _SNICallback: null,
2025-02-02T08:50:57:       servername: 'hanab1',
2025-02-02T08:50:57:       alpnProtocol: false,
2025-02-02T08:50:57:       authorized: false,
2025-02-02T08:50:57:       authorizationError: 'CERT_HAS_EXPIRED',
2025-02-02T08:50:57:       encrypted: true,
2025-02-02T08:50:57:       _events: [Object: null prototype],
2025-02-02T08:50:57:       _eventsCount: 9,
2025-02-02T08:50:57:       connecting: false,
2025-02-02T08:50:57:       _hadError: false,
2025-02-02T08:50:57:       _parent: null,
2025-02-02T08:50:57:       _host: 'hanab1',
2025-02-02T08:50:57:       _closeAfterHandlingError: false,
2025-02-02T08:50:57:       _readableState: [ReadableState],
2025-02-02T08:50:57:       _maxListeners: undefined,
2025-02-02T08:50:57:       _writableState: [WritableState],
2025-02-02T08:50:57:       allowHalfOpen: false,
2025-02-02T08:50:57:       _sockname: null,
2025-02-02T08:50:57:       _pendingData: null,
2025-02-02T08:50:57:       _pendingEncoding: '',
2025-02-02T08:50:57:       server: undefined,
2025-02-02T08:50:57:       _server: null,
2025-02-02T08:50:57:       ssl: null,
2025-02-02T08:50:57:       _requestCert: true,
2025-02-02T08:50:57:       _rejectUnauthorized: false,
2025-02-02T08:50:57:       parser: null,
2025-02-02T08:50:57:       _httpMessage: [Circular *1],
2025-02-02T08:50:57:       write: [Function: writeAfterFIN],
2025-02-02T08:50:57:       [Symbol(res)]: null,
2025-02-02T08:50:57:       [Symbol(verified)]: true,
2025-02-02T08:50:57:       [Symbol(pendingSession)]: null,
2025-02-02T08:50:57:       [Symbol(async_id_symbol)]: 225749,
2025-02-02T08:50:57:       [Symbol(kHandle)]: null,
2025-02-02T08:50:57:       [Symbol(lastWriteQueueSize)]: 0,
2025-02-02T08:50:57:       [Symbol(timeout)]: null,
2025-02-02T08:50:57:       [Symbol(kBuffer)]: null,
2025-02-02T08:50:57:       [Symbol(kBufferCb)]: null,
2025-02-02T08:50:57:       [Symbol(kBufferGen)]: null,
2025-02-02T08:50:57:       [Symbol(kCapture)]: false,
2025-02-02T08:50:57:       [Symbol(kSetNoDelay)]: false,
2025-02-02T08:50:57:       [Symbol(kSetKeepAlive)]: true,
2025-02-02T08:50:57:       [Symbol(kSetKeepAliveInitialDelay)]: 60,
2025-02-02T08:50:57:       [Symbol(kBytesRead)]: 467,
2025-02-02T08:50:57:       [Symbol(kBytesWritten)]: 277,
2025-02-02T08:50:57:       [Symbol(connect-options)]: [Object]
2025-02-02T08:50:57:     },
2025-02-02T08:50:57:     _header: 'GET /b1s/v1/Orders(354) HTTP/1.1\r\n' +
2025-02-02T08:50:57:       'Accept: application/json, text/plain, */*\r\n' +
2025-02-02T08:50:57:       'Content-Type: application/json\r\n' +
2025-02-02T08:50:57:       'Cookie: B1SESSION=aaaee16e-e129-11ef-8000-b42e99ab1ca6\r\n' +
2025-02-02T08:50:57:       'User-Agent: axios/1.7.7\r\n' +
2025-02-02T08:50:57:       'Accept-Encoding: gzip, compress, deflate, br\r\n' +
2025-02-02T08:50:57:       'Host: hanab1:50000\r\n' +
2025-02-02T08:50:57:       'Connection: close\r\n' +
2025-02-02T08:50:57:       '\r\n',
2025-02-02T08:50:57:     _keepAliveTimeout: 0,
2025-02-02T08:50:57:     _onPendingData: [Function: nop],
2025-02-02T08:50:57:     agent: Agent {
2025-02-02T08:50:57:       _events: [Object: null prototype],
2025-02-02T08:50:57:       _eventsCount: 2,
2025-02-02T08:50:57:       _maxListeners: undefined,
2025-02-02T08:50:57:       defaultPort: 443,
2025-02-02T08:50:57:       protocol: 'https:',
2025-02-02T08:50:57:       options: [Object: null prototype],
2025-02-02T08:50:57:       requests: [Object: null prototype] {},
2025-02-02T08:50:57:       sockets: [Object: null prototype] {},
2025-02-02T08:50:57:       freeSockets: [Object: null prototype] {},
2025-02-02T08:50:57:       keepAliveMsecs: 1000,
2025-02-02T08:50:57:       keepAlive: false,
2025-02-02T08:50:57:       maxSockets: Infinity,
2025-02-02T08:50:57:       maxFreeSockets: 256,
2025-02-02T08:50:57:       scheduling: 'lifo',
2025-02-02T08:50:57:       maxTotalSockets: Infinity,
2025-02-02T08:50:57:       totalSocketCount: 0,
2025-02-02T08:50:57:       maxCachedSessions: 100,
2025-02-02T08:50:57:       _sessionCache: [Object],
2025-02-02T08:50:57:       [Symbol(kCapture)]: false
2025-02-02T08:50:57:     },
2025-02-02T08:50:57:     socketPath: undefined,
2025-02-02T08:50:57:     method: 'GET',
2025-02-02T08:50:57:     maxHeaderSize: undefined,
2025-02-02T08:50:57:     insecureHTTPParser: undefined,
2025-02-02T08:50:57:     joinDuplicateHeaders: undefined,
2025-02-02T08:50:57:     path: '/b1s/v1/Orders(354)',
2025-02-02T08:50:57:     _ended: true,
2025-02-02T08:50:57:     res: IncomingMessage {
2025-02-02T08:50:57:       _readableState: [ReadableState],
2025-02-02T08:50:57:       _events: [Object: null prototype],
2025-02-02T08:50:57:       _eventsCount: 4,
2025-02-02T08:50:57:       _maxListeners: undefined,
2025-02-02T08:50:57:       socket: [TLSSocket],
2025-02-02T08:50:57:       httpVersionMajor: 1,
2025-02-02T08:50:57:       httpVersionMinor: 1,
2025-02-02T08:50:57:       httpVersion: '1.1',
2025-02-02T08:50:57:       complete: true,
2025-02-02T08:50:57:       rawHeaders: [Array],
2025-02-02T08:50:57:       rawTrailers: [],
2025-02-02T08:50:57:       joinDuplicateHeaders: undefined,
2025-02-02T08:50:57:       aborted: false,
2025-02-02T08:50:57:       upgrade: false,
2025-02-02T08:50:57:       url: '',
2025-02-02T08:50:57:       method: null,
2025-02-02T08:50:57:       statusCode: 404,
2025-02-02T08:50:57:       statusMessage: 'Not Found',
2025-02-02T08:50:57:       client: [TLSSocket],
2025-02-02T08:50:57:       _consuming: true,
2025-02-02T08:50:57:       _dumped: false,
2025-02-02T08:50:57:       req: [Circular *1],
2025-02-02T08:50:57:       responseUrl: 'https://hanab1:50000/b1s/v1/Orders(354)',
2025-02-02T08:50:57:       redirects: [],
2025-02-02T08:50:57:       [Symbol(kCapture)]: false,
2025-02-02T08:50:57:       [Symbol(kHeaders)]: [Object],
2025-02-02T08:50:57:       [Symbol(kHeadersCount)]: 18,
2025-02-02T08:50:57:       [Symbol(kTrailers)]: null,
2025-02-02T08:50:57:       [Symbol(kTrailersCount)]: 0
2025-02-02T08:50:57:     },
2025-02-02T08:50:57:     aborted: false,
2025-02-02T08:50:57:     timeoutCb: null,
2025-02-02T08:50:57:     upgradeOrConnect: false,
2025-02-02T08:50:57:     parser: null,
2025-02-02T08:50:57:     maxHeadersCount: null,
2025-02-02T08:50:57:     reusedSocket: false,
2025-02-02T08:50:57:     host: 'hanab1',
2025-02-02T08:50:57:     protocol: 'https:',
2025-02-02T08:50:57:     _redirectable: Writable {
2025-02-02T08:50:57:       _writableState: [WritableState],
2025-02-02T08:50:57:       _events: [Object: null prototype],
2025-02-02T08:50:57:       _eventsCount: 3,
2025-02-02T08:50:57:       _maxListeners: undefined,
2025-02-02T08:50:57:       _options: [Object],
2025-02-02T08:50:57:       _ended: true,
2025-02-02T08:50:57:       _ending: true,
2025-02-02T08:50:57:       _redirectCount: 0,
2025-02-02T08:50:57:       _redirects: [],
2025-02-02T08:50:57:       _requestBodyLength: 0,
2025-02-02T08:50:57:       _requestBodyBuffers: [],
2025-02-02T08:50:57:       _onNativeResponse: [Function (anonymous)],
2025-02-02T08:50:57:       _currentRequest: [Circular *1],
2025-02-02T08:50:57:       _currentUrl: 'https://hanab1:50000/b1s/v1/Orders(354)',
2025-02-02T08:50:57:       [Symbol(kCapture)]: false
2025-02-02T08:50:57:     },
2025-02-02T08:50:57:     [Symbol(kCapture)]: false,
2025-02-02T08:50:57:     [Symbol(kBytesWritten)]: 0,
2025-02-02T08:50:57:     [Symbol(kNeedDrain)]: false,
2025-02-02T08:50:57:     [Symbol(corked)]: 0,
2025-02-02T08:50:57:     [Symbol(kOutHeaders)]: [Object: null prototype] {
2025-02-02T08:50:57:       accept: [Array],
2025-02-02T08:50:57:       'content-type': [Array],
2025-02-02T08:50:57:       cookie: [Array],
2025-02-02T08:50:57:       'user-agent': [Array],
2025-02-02T08:50:57:       'accept-encoding': [Array],
2025-02-02T08:50:57:       host: [Array]
2025-02-02T08:50:57:     },
2025-02-02T08:50:57:     [Symbol(errored)]: null,
2025-02-02T08:50:57:     [Symbol(kHighWaterMark)]: 16384,
2025-02-02T08:50:57:     [Symbol(kRejectNonStandardBodyWrites)]: false,
2025-02-02T08:50:57:     [Symbol(kUniqueHeaders)]: null
2025-02-02T08:50:57:   },
2025-02-02T08:50:57:   response: {
2025-02-02T08:50:57:     status: 404,
2025-02-02T08:50:57:     statusText: 'Not Found',
2025-02-02T08:50:57:     headers: Object [AxiosHeaders] {
2025-02-02T08:50:57:       date: 'Sun, 02 Feb 2025 05:51:23 GMT',
2025-02-02T08:50:57:       server: 'Apache/2.4.51 (Unix)',
2025-02-02T08:50:57:       dataserviceversion: '3.0',
2025-02-02T08:50:57:       'content-type': 'application/json;charset=utf-8',
2025-02-02T08:50:57:       vary: 'Accept-Encoding',
2025-02-02T08:50:57:       'set-cookie': [Array],
2025-02-02T08:50:57:       connection: 'close',
2025-02-02T08:50:57:       'transfer-encoding': 'chunked'
2025-02-02T08:50:57:     },
2025-02-02T08:50:57:     config: {
2025-02-02T08:50:57:       transitional: [Object],
2025-02-02T08:50:57:       adapter: [Array],
2025-02-02T08:50:57:       transformRequest: [Array],
2025-02-02T08:50:57:       transformResponse: [Array],
2025-02-02T08:50:57:       timeout: 0,
2025-02-02T08:50:57:       xsrfCookieName: 'XSRF-TOKEN',
2025-02-02T08:50:57:       xsrfHeaderName: 'X-XSRF-TOKEN',
2025-02-02T08:50:57:       maxContentLength: -1,
2025-02-02T08:50:57:       maxBodyLength: -1,
2025-02-02T08:50:57:       env: [Object],
2025-02-02T08:50:57:       validateStatus: [Function: validateStatus],
2025-02-02T08:50:57:       headers: [Object [AxiosHeaders]],
2025-02-02T08:50:57:       httpsAgent: [Agent],
2025-02-02T08:50:57:       method: 'get',
2025-02-02T08:50:57:       url: 'https://hanab1:50000/b1s/v1/Orders(354)',
2025-02-02T08:50:57:       data: undefined
2025-02-02T08:50:57:     },
2025-02-02T08:50:57:     request: <ref *1> ClientRequest {
2025-02-02T08:50:57:       _events: [Object: null prototype],
2025-02-02T08:50:57:       _eventsCount: 7,
2025-02-02T08:50:57:       _maxListeners: undefined,
2025-02-02T08:50:57:       outputData: [],
2025-02-02T08:50:57:       outputSize: 0,
2025-02-02T08:50:57:       writable: true,
2025-02-02T08:50:57:       destroyed: true,
2025-02-02T08:50:57:       _last: true,
2025-02-02T08:50:57:       chunkedEncoding: false,
2025-02-02T08:50:57:       shouldKeepAlive: false,
2025-02-02T08:50:57:       maxRequestsOnConnectionReached: false,
2025-02-02T08:50:57:       _defaultKeepAlive: true,
2025-02-02T08:50:57:       useChunkedEncodingByDefault: false,
2025-02-02T08:50:57:       sendDate: false,
2025-02-02T08:50:57:       _removedConnection: false,
2025-02-02T08:50:57:       _removedContLen: false,
2025-02-02T08:50:57:       _removedTE: false,
2025-02-02T08:50:57:       strictContentLength: false,
2025-02-02T08:50:57:       _contentLength: 0,
2025-02-02T08:50:57:       _hasBody: true,
2025-02-02T08:50:57:       _trailer: '',
2025-02-02T08:50:57:       finished: true,
2025-02-02T08:50:57:       _headerSent: true,
2025-02-02T08:50:57:       _closed: true,
2025-02-02T08:50:57:       socket: [TLSSocket],
2025-02-02T08:50:57:       _header: 'GET /b1s/v1/Orders(354) HTTP/1.1\r\n' +
2025-02-02T08:50:57:         'Accept: application/json, text/plain, */*\r\n' +
2025-02-02T08:50:57:         'Content-Type: application/json\r\n' +
2025-02-02T08:50:57:         'Cookie: B1SESSION=aaaee16e-e129-11ef-8000-b42e99ab1ca6\r\n' +
2025-02-02T08:50:57:         'User-Agent: axios/1.7.7\r\n' +
2025-02-02T08:50:57:         'Accept-Encoding: gzip, compress, deflate, br\r\n' +
2025-02-02T08:50:57:         'Host: hanab1:50000\r\n' +
2025-02-02T08:50:57:         'Connection: close\r\n' +
2025-02-02T08:50:57:         '\r\n',
2025-02-02T08:50:57:       _keepAliveTimeout: 0,
2025-02-02T08:50:57:       _onPendingData: [Function: nop],
2025-02-02T08:50:57:       agent: [Agent],
2025-02-02T08:50:57:       socketPath: undefined,
2025-02-02T08:50:57:       method: 'GET',
2025-02-02T08:50:57:       maxHeaderSize: undefined,
2025-02-02T08:50:57:       insecureHTTPParser: undefined,
2025-02-02T08:50:57:       joinDuplicateHeaders: undefined,
2025-02-02T08:50:57:       path: '/b1s/v1/Orders(354)',
2025-02-02T08:50:57:       _ended: true,
2025-02-02T08:50:57:       res: [IncomingMessage],
2025-02-02T08:50:57:       aborted: false,
2025-02-02T08:50:57:       timeoutCb: null,
2025-02-02T08:50:57:       upgradeOrConnect: false,
2025-02-02T08:50:57:       parser: null,
2025-02-02T08:50:57:       maxHeadersCount: null,
2025-02-02T08:50:57:       reusedSocket: false,
2025-02-02T08:50:57:       host: 'hanab1',
2025-02-02T08:50:57:       protocol: 'https:',
2025-02-02T08:50:57:       _redirectable: [Writable],
2025-02-02T08:50:57:       [Symbol(kCapture)]: false,
2025-02-02T08:50:57:       [Symbol(kBytesWritten)]: 0,
2025-02-02T08:50:57:       [Symbol(kNeedDrain)]: false,
2025-02-02T08:50:57:       [Symbol(corked)]: 0,
2025-02-02T08:50:57:       [Symbol(kOutHeaders)]: [Object: null prototype],
2025-02-02T08:50:57:       [Symbol(errored)]: null,
2025-02-02T08:50:57:       [Symbol(kHighWaterMark)]: 16384,
2025-02-02T08:50:57:       [Symbol(kRejectNonStandardBodyWrites)]: false,
2025-02-02T08:50:57:       [Symbol(kUniqueHeaders)]: null
2025-02-02T08:50:57:     },
2025-02-02T08:50:57:     data: { error: [Object] }
2025-02-02T08:50:57:   },
2025-02-02T08:50:57:   status: 404
2025-02-02T08:50:57: }
2025-02-02T08:51:10: Roles in context: []
2025-02-02T08:51:10: Updated Items: []
2025-02-02T08:51:11: 354
2025-02-02T08:51:13: X [AxiosError]: Request failed with status code 404
2025-02-02T08:51:13:     at eL (C:\Users\Administrator\Documents\erp system js\Nibras-Erp-sys-Admin-All-Warehouse\Nibras-Erp-Sys-SapB1-all-warehouse\.next\server\chunks\2422.js:1:47984)
2025-02-02T08:51:13:     at Unzip.<anonymous> (C:\Users\Administrator\Documents\erp system js\Nibras-Erp-sys-Admin-All-Warehouse\Nibras-Erp-Sys-SapB1-all-warehouse\.next\server\chunks\2422.js:3:9459)
2025-02-02T08:51:13:     at Unzip.emit (node:events:529:35)
2025-02-02T08:51:13:     at endReadableNT (node:internal/streams/readable:1368:12)
2025-02-02T08:51:13:     at process.processTicksAndRejections (node:internal/process/task_queues:82:21)
2025-02-02T08:51:13:     at aM.request (C:\Users\Administrator\Documents\erp system js\Nibras-Erp-sys-Admin-All-Warehouse\Nibras-Erp-Sys-SapB1-all-warehouse\.next\server\chunks\2422.js:3:21562)
2025-02-02T08:51:13:     at process.processTicksAndRejections (node:internal/process/task_queues:95:5)
2025-02-02T08:51:13:     at async c (C:\Users\Administrator\Documents\erp system js\Nibras-Erp-sys-Admin-All-Warehouse\Nibras-Erp-Sys-SapB1-all-warehouse\.next\server\app\api\invoiceDetails\route.js:1:1196)
2025-02-02T08:51:13:     at async C:\Users\Administrator\Documents\erp system js\Nibras-Erp-sys-Admin-All-Warehouse\Nibras-Erp-Sys-SapB1-all-warehouse\node_modules\next\dist\compiled\next-server\app-route.runtime.prod.js:6:36957
2025-02-02T08:51:13:     at async eC.execute (C:\Users\Administrator\Documents\erp system js\Nibras-Erp-sys-Admin-All-Warehouse\Nibras-Erp-Sys-SapB1-all-warehouse\node_modules\next\dist\compiled\next-server\app-route.runtime.prod.js:6:27552)
2025-02-02T08:51:13:     at async eC.handle (C:\Users\Administrator\Documents\erp system js\Nibras-Erp-sys-Admin-All-Warehouse\Nibras-Erp-Sys-SapB1-all-warehouse\node_modules\next\dist\compiled\next-server\app-route.runtime.prod.js:6:38291)
2025-02-02T08:51:13:     at async doRender (C:\Users\Administrator\Documents\erp system js\Nibras-Erp-sys-Admin-All-Warehouse\Nibras-Erp-Sys-SapB1-all-warehouse\node_modules\next\dist\server\base-server.js:1345:42)
2025-02-02T08:51:13:     at async cacheEntry.responseCache.get.routeKind (C:\Users\Administrator\Documents\erp system js\Nibras-Erp-sys-Admin-All-Warehouse\Nibras-Erp-Sys-SapB1-all-warehouse\node_modules\next\dist\server\base-server.js:1567:28)
2025-02-02T08:51:13:     at async NextNodeServer.renderToResponseWithComponentsImpl (C:\Users\Administrator\Documents\erp system js\Nibras-Erp-sys-Admin-All-Warehouse\Nibras-Erp-Sys-SapB1-all-warehouse\node_modules\next\dist\server\base-server.js:1475:28)
2025-02-02T08:51:13:     at async NextNodeServer.renderPageComponent (C:\Users\Administrator\Documents\erp system js\Nibras-Erp-sys-Admin-All-Warehouse\Nibras-Erp-Sys-SapB1-all-warehouse\node_modules\next\dist\server\base-server.js:1901:24) {
2025-02-02T08:51:13:   code: 'ERR_BAD_REQUEST',
2025-02-02T08:51:13:   config: {
2025-02-02T08:51:13:     transitional: {
2025-02-02T08:51:13:       silentJSONParsing: true,
2025-02-02T08:51:13:       forcedJSONParsing: true,
2025-02-02T08:51:13:       clarifyTimeoutError: false
2025-02-02T08:51:13:     },
2025-02-02T08:51:13:     adapter: [ 'xhr', 'http', 'fetch' ],
2025-02-02T08:51:13:     transformRequest: [ [Function (anonymous)] ],
2025-02-02T08:51:13:     transformResponse: [ [Function (anonymous)] ],
2025-02-02T08:51:13:     timeout: 0,
2025-02-02T08:51:13:     xsrfCookieName: 'XSRF-TOKEN',
2025-02-02T08:51:13:     xsrfHeaderName: 'X-XSRF-TOKEN',
2025-02-02T08:51:13:     maxContentLength: -1,
2025-02-02T08:51:13:     maxBodyLength: -1,
2025-02-02T08:51:13:     env: { FormData: [Function], Blob: [class Blob] },
2025-02-02T08:51:13:     validateStatus: [Function: validateStatus],
2025-02-02T08:51:13:     headers: Object [AxiosHeaders] {
2025-02-02T08:51:13:       Accept: 'application/json, text/plain, */*',
2025-02-02T08:51:13:       'Content-Type': 'application/json',
2025-02-02T08:51:13:       Cookie: 'B1SESSION=c49fb396-e129-11ef-8000-b42e99ab1ca6',
2025-02-02T08:51:13:       'User-Agent': 'axios/1.7.7',
2025-02-02T08:51:13:       'Accept-Encoding': 'gzip, compress, deflate, br'
2025-02-02T08:51:13:     },
2025-02-02T08:51:13:     httpsAgent: Agent {
2025-02-02T08:51:13:       _events: [Object: null prototype],
2025-02-02T08:51:13:       _eventsCount: 2,
2025-02-02T08:51:13:       _maxListeners: undefined,
2025-02-02T08:51:13:       defaultPort: 443,
2025-02-02T08:51:13:       protocol: 'https:',
2025-02-02T08:51:13:       options: [Object: null prototype],
2025-02-02T08:51:13:       requests: [Object: null prototype] {},
2025-02-02T08:51:13:       sockets: [Object: null prototype] {},
2025-02-02T08:51:13:       freeSockets: [Object: null prototype] {},
2025-02-02T08:51:13:       keepAliveMsecs: 1000,
2025-02-02T08:51:13:       keepAlive: false,
2025-02-02T08:51:13:       maxSockets: Infinity,
2025-02-02T08:51:13:       maxFreeSockets: 256,
2025-02-02T08:51:13:       scheduling: 'lifo',
2025-02-02T08:51:13:       maxTotalSockets: Infinity,
2025-02-02T08:51:13:       totalSocketCount: 0,
2025-02-02T08:51:13:       maxCachedSessions: 100,
2025-02-02T08:51:13:       _sessionCache: [Object],
2025-02-02T08:51:13:       [Symbol(kCapture)]: false
2025-02-02T08:51:13:     },
2025-02-02T08:51:13:     method: 'get',
2025-02-02T08:51:13:     url: 'https://hanab1:50000/b1s/v1/Orders(354)',
2025-02-02T08:51:13:     data: undefined
2025-02-02T08:51:13:   },
2025-02-02T08:51:13:   request: <ref *1> ClientRequest {
2025-02-02T08:51:13:     _events: [Object: null prototype] {
2025-02-02T08:51:13:       abort: [Function (anonymous)],
2025-02-02T08:51:13:       aborted: [Function (anonymous)],
2025-02-02T08:51:13:       connect: [Function (anonymous)],
2025-02-02T08:51:13:       error: [Function (anonymous)],
2025-02-02T08:51:13:       socket: [Function (anonymous)],
2025-02-02T08:51:13:       timeout: [Function (anonymous)],
2025-02-02T08:51:13:       finish: [Function: requestOnFinish]
2025-02-02T08:51:13:     },
2025-02-02T08:51:13:     _eventsCount: 7,
2025-02-02T08:51:13:     _maxListeners: undefined,
2025-02-02T08:51:13:     outputData: [],
2025-02-02T08:51:13:     outputSize: 0,
2025-02-02T08:51:13:     writable: true,
2025-02-02T08:51:13:     destroyed: true,
2025-02-02T08:51:13:     _last: true,
2025-02-02T08:51:13:     chunkedEncoding: false,
2025-02-02T08:51:13:     shouldKeepAlive: false,
2025-02-02T08:51:13:     maxRequestsOnConnectionReached: false,
2025-02-02T08:51:13:     _defaultKeepAlive: true,
2025-02-02T08:51:13:     useChunkedEncodingByDefault: false,
2025-02-02T08:51:13:     sendDate: false,
2025-02-02T08:51:13:     _removedConnection: false,
2025-02-02T08:51:13:     _removedContLen: false,
2025-02-02T08:51:13:     _removedTE: false,
2025-02-02T08:51:13:     strictContentLength: false,
2025-02-02T08:51:13:     _contentLength: 0,
2025-02-02T08:51:13:     _hasBody: true,
2025-02-02T08:51:13:     _trailer: '',
2025-02-02T08:51:13:     finished: true,
2025-02-02T08:51:13:     _headerSent: true,
2025-02-02T08:51:13:     _closed: true,
2025-02-02T08:51:13:     socket: TLSSocket {
2025-02-02T08:51:13:       _tlsOptions: [Object],
2025-02-02T08:51:13:       _secureEstablished: true,
2025-02-02T08:51:13:       _securePending: false,
2025-02-02T08:51:13:       _newSessionPending: false,
2025-02-02T08:51:13:       _controlReleased: true,
2025-02-02T08:51:13:       secureConnecting: false,
2025-02-02T08:51:13:       _SNICallback: null,
2025-02-02T08:51:13:       servername: 'hanab1',
2025-02-02T08:51:13:       alpnProtocol: false,
2025-02-02T08:51:13:       authorized: false,
2025-02-02T08:51:13:       authorizationError: 'CERT_HAS_EXPIRED',
2025-02-02T08:51:13:       encrypted: true,
2025-02-02T08:51:13:       _events: [Object: null prototype],
2025-02-02T08:51:13:       _eventsCount: 9,
2025-02-02T08:51:13:       connecting: false,
2025-02-02T08:51:13:       _hadError: false,
2025-02-02T08:51:13:       _parent: null,
2025-02-02T08:51:13:       _host: 'hanab1',
2025-02-02T08:51:13:       _closeAfterHandlingError: false,
2025-02-02T08:51:13:       _readableState: [ReadableState],
2025-02-02T08:51:13:       _maxListeners: undefined,
2025-02-02T08:51:13:       _writableState: [WritableState],
2025-02-02T08:51:13:       allowHalfOpen: false,
2025-02-02T08:51:13:       _sockname: null,
2025-02-02T08:51:13:       _pendingData: null,
2025-02-02T08:51:13:       _pendingEncoding: '',
2025-02-02T08:51:13:       server: undefined,
2025-02-02T08:51:13:       _server: null,
2025-02-02T08:51:13:       ssl: null,
2025-02-02T08:51:13:       _requestCert: true,
2025-02-02T08:51:13:       _rejectUnauthorized: false,
2025-02-02T08:51:13:       parser: null,
2025-02-02T08:51:13:       _httpMessage: [Circular *1],
2025-02-02T08:51:13:       write: [Function: writeAfterFIN],
2025-02-02T08:51:13:       [Symbol(res)]: null,
2025-02-02T08:51:13:       [Symbol(verified)]: true,
2025-02-02T08:51:13:       [Symbol(pendingSession)]: null,
2025-02-02T08:51:13:       [Symbol(async_id_symbol)]: 228766,
2025-02-02T08:51:13:       [Symbol(kHandle)]: null,
2025-02-02T08:51:13:       [Symbol(lastWriteQueueSize)]: 0,
2025-02-02T08:51:13:       [Symbol(timeout)]: null,
2025-02-02T08:51:13:       [Symbol(kBuffer)]: null,
2025-02-02T08:51:13:       [Symbol(kBufferCb)]: null,
2025-02-02T08:51:13:       [Symbol(kBufferGen)]: null,
2025-02-02T08:51:13:       [Symbol(kCapture)]: false,
2025-02-02T08:51:13:       [Symbol(kSetNoDelay)]: false,
2025-02-02T08:51:13:       [Symbol(kSetKeepAlive)]: true,
2025-02-02T08:51:13:       [Symbol(kSetKeepAliveInitialDelay)]: 60,
2025-02-02T08:51:13:       [Symbol(kBytesRead)]: 467,
2025-02-02T08:51:13:       [Symbol(kBytesWritten)]: 277,
2025-02-02T08:51:13:       [Symbol(connect-options)]: [Object]
2025-02-02T08:51:13:     },
2025-02-02T08:51:13:     _header: 'GET /b1s/v1/Orders(354) HTTP/1.1\r\n' +
2025-02-02T08:51:13:       'Accept: application/json, text/plain, */*\r\n' +
2025-02-02T08:51:13:       'Content-Type: application/json\r\n' +
2025-02-02T08:51:13:       'Cookie: B1SESSION=c49fb396-e129-11ef-8000-b42e99ab1ca6\r\n' +
2025-02-02T08:51:13:       'User-Agent: axios/1.7.7\r\n' +
2025-02-02T08:51:13:       'Accept-Encoding: gzip, compress, deflate, br\r\n' +
2025-02-02T08:51:13:       'Host: hanab1:50000\r\n' +
2025-02-02T08:51:13:       'Connection: close\r\n' +
2025-02-02T08:51:13:       '\r\n',
2025-02-02T08:51:13:     _keepAliveTimeout: 0,
2025-02-02T08:51:13:     _onPendingData: [Function: nop],
2025-02-02T08:51:13:     agent: Agent {
2025-02-02T08:51:13:       _events: [Object: null prototype],
2025-02-02T08:51:13:       _eventsCount: 2,
2025-02-02T08:51:13:       _maxListeners: undefined,
2025-02-02T08:51:13:       defaultPort: 443,
2025-02-02T08:51:13:       protocol: 'https:',
2025-02-02T08:51:13:       options: [Object: null prototype],
2025-02-02T08:51:13:       requests: [Object: null prototype] {},
2025-02-02T08:51:13:       sockets: [Object: null prototype] {},
2025-02-02T08:51:13:       freeSockets: [Object: null prototype] {},
2025-02-02T08:51:13:       keepAliveMsecs: 1000,
2025-02-02T08:51:13:       keepAlive: false,
2025-02-02T08:51:13:       maxSockets: Infinity,
2025-02-02T08:51:13:       maxFreeSockets: 256,
2025-02-02T08:51:13:       scheduling: 'lifo',
2025-02-02T08:51:13:       maxTotalSockets: Infinity,
2025-02-02T08:51:13:       totalSocketCount: 0,
2025-02-02T08:51:13:       maxCachedSessions: 100,
2025-02-02T08:51:13:       _sessionCache: [Object],
2025-02-02T08:51:13:       [Symbol(kCapture)]: false
2025-02-02T08:51:13:     },
2025-02-02T08:51:13:     socketPath: undefined,
2025-02-02T08:51:13:     method: 'GET',
2025-02-02T08:51:13:     maxHeaderSize: undefined,
2025-02-02T08:51:13:     insecureHTTPParser: undefined,
2025-02-02T08:51:13:     joinDuplicateHeaders: undefined,
2025-02-02T08:51:13:     path: '/b1s/v1/Orders(354)',
2025-02-02T08:51:13:     _ended: true,
2025-02-02T08:51:13:     res: IncomingMessage {
2025-02-02T08:51:13:       _readableState: [ReadableState],
2025-02-02T08:51:13:       _events: [Object: null prototype],
2025-02-02T08:51:13:       _eventsCount: 4,
2025-02-02T08:51:13:       _maxListeners: undefined,
2025-02-02T08:51:13:       socket: [TLSSocket],
2025-02-02T08:51:13:       httpVersionMajor: 1,
2025-02-02T08:51:13:       httpVersionMinor: 1,
2025-02-02T08:51:13:       httpVersion: '1.1',
2025-02-02T08:51:13:       complete: true,
2025-02-02T08:51:13:       rawHeaders: [Array],
2025-02-02T08:51:13:       rawTrailers: [],
2025-02-02T08:51:13:       joinDuplicateHeaders: undefined,
2025-02-02T08:51:13:       aborted: false,
2025-02-02T08:51:13:       upgrade: false,
2025-02-02T08:51:13:       url: '',
2025-02-02T08:51:13:       method: null,
2025-02-02T08:51:13:       statusCode: 404,
2025-02-02T08:51:13:       statusMessage: 'Not Found',
2025-02-02T08:51:13:       client: [TLSSocket],
2025-02-02T08:51:13:       _consuming: true,
2025-02-02T08:51:13:       _dumped: false,
2025-02-02T08:51:13:       req: [Circular *1],
2025-02-02T08:51:13:       responseUrl: 'https://hanab1:50000/b1s/v1/Orders(354)',
2025-02-02T08:51:13:       redirects: [],
2025-02-02T08:51:13:       [Symbol(kCapture)]: false,
2025-02-02T08:51:13:       [Symbol(kHeaders)]: [Object],
2025-02-02T08:51:13:       [Symbol(kHeadersCount)]: 18,
2025-02-02T08:51:13:       [Symbol(kTrailers)]: null,
2025-02-02T08:51:13:       [Symbol(kTrailersCount)]: 0
2025-02-02T08:51:13:     },
2025-02-02T08:51:13:     aborted: false,
2025-02-02T08:51:13:     timeoutCb: null,
2025-02-02T08:51:13:     upgradeOrConnect: false,
2025-02-02T08:51:13:     parser: null,
2025-02-02T08:51:13:     maxHeadersCount: null,
2025-02-02T08:51:13:     reusedSocket: false,
2025-02-02T08:51:13:     host: 'hanab1',
2025-02-02T08:51:13:     protocol: 'https:',
2025-02-02T08:51:13:     _redirectable: Writable {
2025-02-02T08:51:13:       _writableState: [WritableState],
2025-02-02T08:51:13:       _events: [Object: null prototype],
2025-02-02T08:51:13:       _eventsCount: 3,
2025-02-02T08:51:13:       _maxListeners: undefined,
2025-02-02T08:51:13:       _options: [Object],
2025-02-02T08:51:13:       _ended: true,
2025-02-02T08:51:13:       _ending: true,
2025-02-02T08:51:13:       _redirectCount: 0,
2025-02-02T08:51:13:       _redirects: [],
2025-02-02T08:51:13:       _requestBodyLength: 0,
2025-02-02T08:51:13:       _requestBodyBuffers: [],
2025-02-02T08:51:13:       _onNativeResponse: [Function (anonymous)],
2025-02-02T08:51:13:       _currentRequest: [Circular *1],
2025-02-02T08:51:13:       _currentUrl: 'https://hanab1:50000/b1s/v1/Orders(354)',
2025-02-02T08:51:13:       [Symbol(kCapture)]: false
2025-02-02T08:51:13:     },
2025-02-02T08:51:13:     [Symbol(kCapture)]: false,
2025-02-02T08:51:13:     [Symbol(kBytesWritten)]: 0,
2025-02-02T08:51:13:     [Symbol(kNeedDrain)]: false,
2025-02-02T08:51:13:     [Symbol(corked)]: 0,
2025-02-02T08:51:13:     [Symbol(kOutHeaders)]: [Object: null prototype] {
2025-02-02T08:51:13:       accept: [Array],
2025-02-02T08:51:13:       'content-type': [Array],
2025-02-02T08:51:13:       cookie: [Array],
2025-02-02T08:51:13:       'user-agent': [Array],
2025-02-02T08:51:13:       'accept-encoding': [Array],
2025-02-02T08:51:13:       host: [Array]
2025-02-02T08:51:13:     },
2025-02-02T08:51:13:     [Symbol(errored)]: null,
2025-02-02T08:51:13:     [Symbol(kHighWaterMark)]: 16384,
2025-02-02T08:51:13:     [Symbol(kRejectNonStandardBodyWrites)]: false,
2025-02-02T08:51:13:     [Symbol(kUniqueHeaders)]: null
2025-02-02T08:51:13:   },
2025-02-02T08:51:13:   response: {
2025-02-02T08:51:13:     status: 404,
2025-02-02T08:51:13:     statusText: 'Not Found',
2025-02-02T08:51:13:     headers: Object [AxiosHeaders] {
2025-02-02T08:51:13:       date: 'Sun, 02 Feb 2025 05:51:39 GMT',
2025-02-02T08:51:13:       server: 'Apache/2.4.51 (Unix)',
2025-02-02T08:51:13:       dataserviceversion: '3.0',
2025-02-02T08:51:13:       'content-type': 'application/json;charset=utf-8',
2025-02-02T08:51:13:       vary: 'Accept-Encoding',
2025-02-02T08:51:13:       'set-cookie': [Array],
2025-02-02T08:51:13:       connection: 'close',
2025-02-02T08:51:13:       'transfer-encoding': 'chunked'
2025-02-02T08:51:13:     },
2025-02-02T08:51:13:     config: {
2025-02-02T08:51:13:       transitional: [Object],
2025-02-02T08:51:13:       adapter: [Array],
2025-02-02T08:51:13:       transformRequest: [Array],
2025-02-02T08:51:13:       transformResponse: [Array],
2025-02-02T08:51:13:       timeout: 0,
2025-02-02T08:51:13:       xsrfCookieName: 'XSRF-TOKEN',
2025-02-02T08:51:13:       xsrfHeaderName: 'X-XSRF-TOKEN',
2025-02-02T08:51:13:       maxContentLength: -1,
2025-02-02T08:51:13:       maxBodyLength: -1,
2025-02-02T08:51:13:       env: [Object],
2025-02-02T08:51:13:       validateStatus: [Function: validateStatus],
2025-02-02T08:51:13:       headers: [Object [AxiosHeaders]],
2025-02-02T08:51:13:       httpsAgent: [Agent],
2025-02-02T08:51:13:       method: 'get',
2025-02-02T08:51:13:       url: 'https://hanab1:50000/b1s/v1/Orders(354)',
2025-02-02T08:51:13:       data: undefined
2025-02-02T08:51:13:     },
2025-02-02T08:51:13:     request: <ref *1> ClientRequest {
2025-02-02T08:51:13:       _events: [Object: null prototype],
2025-02-02T08:51:13:       _eventsCount: 7,
2025-02-02T08:51:13:       _maxListeners: undefined,
2025-02-02T08:51:13:       outputData: [],
2025-02-02T08:51:13:       outputSize: 0,
2025-02-02T08:51:13:       writable: true,
2025-02-02T08:51:13:       destroyed: true,
2025-02-02T08:51:13:       _last: true,
2025-02-02T08:51:13:       chunkedEncoding: false,
2025-02-02T08:51:13:       shouldKeepAlive: false,
2025-02-02T08:51:13:       maxRequestsOnConnectionReached: false,
2025-02-02T08:51:13:       _defaultKeepAlive: true,
2025-02-02T08:51:13:       useChunkedEncodingByDefault: false,
2025-02-02T08:51:13:       sendDate: false,
2025-02-02T08:51:13:       _removedConnection: false,
2025-02-02T08:51:13:       _removedContLen: false,
2025-02-02T08:51:13:       _removedTE: false,
2025-02-02T08:51:13:       strictContentLength: false,
2025-02-02T08:51:13:       _contentLength: 0,
2025-02-02T08:51:13:       _hasBody: true,
2025-02-02T08:51:13:       _trailer: '',
2025-02-02T08:51:13:       finished: true,
2025-02-02T08:51:13:       _headerSent: true,
2025-02-02T08:51:13:       _closed: true,
2025-02-02T08:51:13:       socket: [TLSSocket],
2025-02-02T08:51:13:       _header: 'GET /b1s/v1/Orders(354) HTTP/1.1\r\n' +
2025-02-02T08:51:13:         'Accept: application/json, text/plain, */*\r\n' +
2025-02-02T08:51:13:         'Content-Type: application/json\r\n' +
2025-02-02T08:51:13:         'Cookie: B1SESSION=c49fb396-e129-11ef-8000-b42e99ab1ca6\r\n' +
2025-02-02T08:51:13:         'User-Agent: axios/1.7.7\r\n' +
2025-02-02T08:51:13:         'Accept-Encoding: gzip, compress, deflate, br\r\n' +
2025-02-02T08:51:13:         'Host: hanab1:50000\r\n' +
2025-02-02T08:51:13:         'Connection: close\r\n' +
2025-02-02T08:51:13:         '\r\n',
2025-02-02T08:51:13:       _keepAliveTimeout: 0,
2025-02-02T08:51:13:       _onPendingData: [Function: nop],
2025-02-02T08:51:13:       agent: [Agent],
2025-02-02T08:51:13:       socketPath: undefined,
2025-02-02T08:51:13:       method: 'GET',
2025-02-02T08:51:13:       maxHeaderSize: undefined,
2025-02-02T08:51:13:       insecureHTTPParser: undefined,
2025-02-02T08:51:13:       joinDuplicateHeaders: undefined,
2025-02-02T08:51:13:       path: '/b1s/v1/Orders(354)',
2025-02-02T08:51:13:       _ended: true,
2025-02-02T08:51:13:       res: [IncomingMessage],
2025-02-02T08:51:13:       aborted: false,
2025-02-02T08:51:13:       timeoutCb: null,
2025-02-02T08:51:13:       upgradeOrConnect: false,
2025-02-02T08:51:13:       parser: null,
2025-02-02T08:51:13:       maxHeadersCount: null,
2025-02-02T08:51:13:       reusedSocket: false,
2025-02-02T08:51:13:       host: 'hanab1',
2025-02-02T08:51:13:       protocol: 'https:',
2025-02-02T08:51:13:       _redirectable: [Writable],
2025-02-02T08:51:13:       [Symbol(kCapture)]: false,
2025-02-02T08:51:13:       [Symbol(kBytesWritten)]: 0,
2025-02-02T08:51:13:       [Symbol(kNeedDrain)]: false,
2025-02-02T08:51:13:       [Symbol(corked)]: 0,
2025-02-02T08:51:13:       [Symbol(kOutHeaders)]: [Object: null prototype],
2025-02-02T08:51:13:       [Symbol(errored)]: null,
2025-02-02T08:51:13:       [Symbol(kHighWaterMark)]: 16384,
2025-02-02T08:51:13:       [Symbol(kRejectNonStandardBodyWrites)]: false,
2025-02-02T08:51:13:       [Symbol(kUniqueHeaders)]: null
2025-02-02T08:51:13:     },
2025-02-02T08:51:13:     data: { error: [Object] }
2025-02-02T08:51:13:   },
2025-02-02T08:51:13:   status: 404
2025-02-02T08:51:13: }
2025-02-02T08:51:17: 318
2025-02-02T08:51:17: 318
2025-02-02T08:51:24: {
2025-02-02T08:51:24:   CardCode: 'OBG00211',
2025-02-02T08:51:24:   Comments: '',
2025-02-02T08:51:24:   DocDate: '2025-02-02',
2025-02-02T08:51:24:   DocDueDate: '2025-02-02',
2025-02-02T08:51:24:   DocCurrency: 'IQD',
2025-02-02T08:51:24:   DocumentLines: [
2025-02-02T08:51:24:     {
2025-02-02T08:51:24:       ItemCode: 'R00336',
2025-02-02T08:51:24:       Quantity: 1,
2025-02-02T08:51:24:       UnitPrice: 23625,
2025-02-02T08:51:24:       DiscountPercent: 0,
2025-02-02T08:51:24:       UoMEntry: 5,
2025-02-02T08:51:24:       WarehouseCode: '01'
2025-02-02T08:51:24:     },
2025-02-02T08:51:24:     {
2025-02-02T08:51:24:       ItemCode: 'S00060',
2025-02-02T08:51:24:       Quantity: 1,
2025-02-02T08:51:24:       UnitPrice: 97996.5,
2025-02-02T08:51:24:       DiscountPercent: 0,
2025-02-02T08:51:24:       UoMEntry: 18,
2025-02-02T08:51:24:       WarehouseCode: '02'
2025-02-02T08:51:24:     }
2025-02-02T08:51:24:   ]
2025-02-02T08:51:24: }
2025-02-02T08:51:24: {
2025-02-02T08:51:24:   CardCode: 'OBG00211',
2025-02-02T08:51:24:   Comments: '',
2025-02-02T08:51:24:   DocDate: '2025-02-02',
2025-02-02T08:51:24:   DocDueDate: '2025-02-02',
2025-02-02T08:51:24:   DocCurrency: 'IQD',
2025-02-02T08:51:24:   DocumentLines: [
2025-02-02T08:51:24:     {
2025-02-02T08:51:24:       ItemCode: 'R00336',
2025-02-02T08:51:24:       Quantity: 1,
2025-02-02T08:51:24:       UnitPrice: 23625,
2025-02-02T08:51:24:       DiscountPercent: 0,
2025-02-02T08:51:24:       UoMEntry: 5,
2025-02-02T08:51:24:       WarehouseCode: '01'
2025-02-02T08:51:24:     },
2025-02-02T08:51:24:     {
2025-02-02T08:51:24:       ItemCode: 'S00060',
2025-02-02T08:51:24:       Quantity: 1,
2025-02-02T08:51:24:       UnitPrice: 97996.5,
2025-02-02T08:51:24:       DiscountPercent: 0,
2025-02-02T08:51:24:       UoMEntry: 18,
2025-02-02T08:51:24:       WarehouseCode: '02'
2025-02-02T08:51:24:     }
2025-02-02T08:51:24:   ]
2025-02-02T08:51:24: }
2025-02-02T08:51:27: 355
2025-02-02T08:51:27: 355
2025-02-02T08:56:18: Roles in context: []
2025-02-02T08:56:18: Roles in context: []
2025-02-02T08:56:35: Received parameters: { customer: 'IBG01029', itemCode: 'R00803', uom: '0.25 كغم' }
2025-02-02T08:56:49: {
2025-02-02T08:56:49:   CardCode: 'IBG01029',
2025-02-02T08:56:49:   DocDate: '2025-02-02',
2025-02-02T08:56:49:   DocDueDate: '2025-02-02',
2025-02-02T08:56:49:   Comments: 'test',
2025-02-02T08:56:49:   DocCurrency: 'IQD',
2025-02-02T08:56:49:   DocumentLines: [
2025-02-02T08:56:49:     {
2025-02-02T08:56:49:       ItemCode: 'R00803',
2025-02-02T08:56:49:       Quantity: 1,
2025-02-02T08:56:49:       WarehouseCode: '01',
2025-02-02T08:56:49:       DiscountPercent: 0,
2025-02-02T08:56:49:       UnitPrice: 18000,
2025-02-02T08:56:49:       UoMEntry: 5
2025-02-02T08:56:49:     }
2025-02-02T08:56:49:   ]
2025-02-02T08:56:49: }
2025-02-02T08:56:49: {
2025-02-02T08:56:49:   CardCode: 'IBG01029',
2025-02-02T08:56:49:   DocDate: '2025-02-02',
2025-02-02T08:56:49:   DocDueDate: '2025-02-02',
2025-02-02T08:56:49:   Comments: 'test',
2025-02-02T08:56:49:   DocCurrency: 'IQD',
2025-02-02T08:56:49:   DocumentLines: [
2025-02-02T08:56:49:     {
2025-02-02T08:56:49:       ItemCode: 'R00803',
2025-02-02T08:56:49:       Quantity: 1,
2025-02-02T08:56:49:       WarehouseCode: '01',
2025-02-02T08:56:49:       DiscountPercent: 0,
2025-02-02T08:56:49:       UnitPrice: 18000,
2025-02-02T08:56:49:       UoMEntry: 5
2025-02-02T08:56:49:     }
2025-02-02T08:56:49:   ]
2025-02-02T08:56:49: }
2025-02-02T08:57:20: 357
2025-02-02T08:57:22: 357
2025-02-02T08:57:32: {
2025-02-02T08:57:32:   CardCode: 'IBG01029',
2025-02-02T08:57:32:   Comments: 'test',
2025-02-02T08:57:32:   DocDate: '2025-02-02',
2025-02-02T08:57:32:   DocDueDate: '2025-02-02',
2025-02-02T08:57:32:   DocCurrency: 'IQD',
2025-02-02T08:57:32:   DocumentLines: [
2025-02-02T08:57:32:     {
2025-02-02T08:57:32:       ItemCode: 'R00803',
2025-02-02T08:57:32:       Quantity: 1,
2025-02-02T08:57:32:       UnitPrice: 18000,
2025-02-02T08:57:32:       DiscountPercent: 0,
2025-02-02T08:57:32:       UoMEntry: 5,
2025-02-02T08:57:32:       WarehouseCode: '01'
2025-02-02T08:57:32:     }
2025-02-02T08:57:32:   ]
2025-02-02T08:57:32: }
2025-02-02T08:57:32: {
2025-02-02T08:57:32:   CardCode: 'IBG01029',
2025-02-02T08:57:32:   Comments: 'test',
2025-02-02T08:57:32:   DocDate: '2025-02-02',
2025-02-02T08:57:32:   DocDueDate: '2025-02-02',
2025-02-02T08:57:32:   DocCurrency: 'IQD',
2025-02-02T08:57:32:   DocumentLines: [
2025-02-02T08:57:32:     {
2025-02-02T08:57:32:       ItemCode: 'R00803',
2025-02-02T08:57:32:       Quantity: 1,
2025-02-02T08:57:32:       UnitPrice: 18000,
2025-02-02T08:57:32:       DiscountPercent: 0,
2025-02-02T08:57:32:       UoMEntry: 5,
2025-02-02T08:57:32:       WarehouseCode: '01'
2025-02-02T08:57:32:     }
2025-02-02T08:57:32:   ]
2025-02-02T08:57:32: }
2025-02-02T08:57:36: 358
2025-02-02T08:57:36: 358
2025-02-02T09:14:43: Roles in context: []
2025-02-02T09:14:43: Roles in context: []
2025-02-02T09:26:09:   ▲ Next.js 14.2.14
2025-02-02T09:26:09:   - Local:        http://localhost:9090
2025-02-02T09:26:09: 
2025-02-02T09:26:09:  ✓ Starting...
2025-02-02T09:26:09:  ✓ Ready in 651ms
2025-02-02T09:26:35: 362
2025-02-02T09:26:36: 362
2025-02-02T09:26:58: 358
2025-02-02T09:26:58: 358
2025-02-02T09:27:11: 118483
2025-02-02T09:27:11: 118483
2025-02-02T09:27:20: 358
2025-02-02T09:27:20: 358
2025-02-02T09:27:28: 358
2025-02-02T09:27:28: 358
2025-02-02T09:27:38: 360
2025-02-02T09:27:38: 360
2025-02-02T09:32:28: 357
2025-02-02T09:32:28: 357
2025-02-02T09:32:40: 118486
2025-02-02T09:32:41: 118486
2025-02-02T09:36:06: 357
2025-02-02T09:36:06: 357
2025-02-02T09:36:19: 358
2025-02-02T09:36:20: 358
2025-02-02T09:37:31: Roles in context: []
2025-02-02T09:37:31: Roles in context: []
2025-02-02T09:37:55: Received parameters: { customer: 'IBG01029', itemCode: 'G00003', uom: 'كغم' }
2025-02-02T09:38:08: {
2025-02-02T09:38:08:   CardCode: 'IBG01029',
2025-02-02T09:38:08:   DocDate: '2025-02-02',
2025-02-02T09:38:08:   DocDueDate: '2025-02-02',
2025-02-02T09:38:08:   Comments: '348',
2025-02-02T09:38:08:   DocCurrency: 'IQD',
2025-02-02T09:38:08:   DocumentLines: [
2025-02-02T09:38:08:     {
2025-02-02T09:38:08:       ItemCode: 'G00003',
2025-02-02T09:38:08:       Quantity: 1,
2025-02-02T09:38:08:       WarehouseCode: '02',
2025-02-02T09:38:08:       DiscountPercent: 0,
2025-02-02T09:38:08:       UnitPrice: 112500,
2025-02-02T09:38:08:       UoMEntry: 6
2025-02-02T09:38:08:     }
2025-02-02T09:38:08:   ]
2025-02-02T09:38:08: }
2025-02-02T09:38:08: {
2025-02-02T09:38:08:   CardCode: 'IBG01029',
2025-02-02T09:38:08:   DocDate: '2025-02-02',
2025-02-02T09:38:08:   DocDueDate: '2025-02-02',
2025-02-02T09:38:08:   Comments: '348',
2025-02-02T09:38:08:   DocCurrency: 'IQD',
2025-02-02T09:38:08:   DocumentLines: [
2025-02-02T09:38:08:     {
2025-02-02T09:38:08:       ItemCode: 'G00003',
2025-02-02T09:38:08:       Quantity: 1,
2025-02-02T09:38:08:       WarehouseCode: '02',
2025-02-02T09:38:08:       DiscountPercent: 0,
2025-02-02T09:38:08:       UnitPrice: 112500,
2025-02-02T09:38:08:       UoMEntry: 6
2025-02-02T09:38:08:     }
2025-02-02T09:38:08:   ]
2025-02-02T09:38:08: }
2025-02-02T09:38:38: 364
2025-02-02T09:38:39: 364
2025-02-02T09:39:28: {
2025-02-02T09:39:28:   CardCode: 'IBG01029',
2025-02-02T09:39:28:   Comments: '348',
2025-02-02T09:39:28:   DocumentLines: [
2025-02-02T09:39:28:     {
2025-02-02T09:39:28:       ItemCode: 'FF00299',
2025-02-02T09:39:28:       Quantity: 1,
2025-02-02T09:39:28:       UoMEntry: 2,
2025-02-02T09:39:28:       DiscountPercent: 0,
2025-02-02T09:39:28:       WarehouseCode: '07'
2025-02-02T09:39:28:     }
2025-02-02T09:39:28:   ],
2025-02-02T09:39:28:   DocDate: '2025-02-02',
2025-02-02T09:39:28:   DocDueDate: '2025-02-02',
2025-02-02T09:39:28:   DocCurrency: 'IQD'
2025-02-02T09:39:28: }
2025-02-02T09:39:28: {
2025-02-02T09:39:28:   CardCode: 'IBG01029',
2025-02-02T09:39:28:   Comments: '348',
2025-02-02T09:39:28:   DocumentLines: [
2025-02-02T09:39:28:     {
2025-02-02T09:39:28:       ItemCode: 'FF00299',
2025-02-02T09:39:28:       Quantity: 1,
2025-02-02T09:39:28:       UoMEntry: 2,
2025-02-02T09:39:28:       DiscountPercent: 0,
2025-02-02T09:39:28:       WarehouseCode: '07'
2025-02-02T09:39:28:     }
2025-02-02T09:39:28:   ],
2025-02-02T09:39:28:   DocDate: '2025-02-02',
2025-02-02T09:39:28:   DocDueDate: '2025-02-02',
2025-02-02T09:39:28:   DocCurrency: 'IQD'
2025-02-02T09:39:28: }
2025-02-02T09:39:31: 366
2025-02-02T09:39:31: 366
2025-02-02T09:40:03: Sending payload: {
2025-02-02T09:40:03:   "Comments": "348",
2025-02-02T09:40:03:   "DocumentLines": [
2025-02-02T09:40:03:     {
2025-02-02T09:40:03:       "LineNum": 0,
2025-02-02T09:40:03:       "ItemCode": "FF00299",
2025-02-02T09:40:03:       "Quantity": 1,
2025-02-02T09:40:03:       "UoMEntry": 2,
2025-02-02T09:40:03:       "DiscountPercent": 0
2025-02-02T09:40:03:     },
2025-02-02T09:40:03:     {
2025-02-02T09:40:03:       "LineNum": 1,
2025-02-02T09:40:03:       "ItemCode": "G00003",
2025-02-02T09:40:03:       "Quantity": 1,
2025-02-02T09:40:03:       "UoMEntry": 6,
2025-02-02T09:40:03:       "DiscountPercent": 0
2025-02-02T09:40:03:     }
2025-02-02T09:40:03:   ]
2025-02-02T09:40:03: }
2025-02-02T09:40:07: 366
2025-02-02T09:41:11: 366
2025-02-02T09:41:11: 366
2025-02-02T09:41:26: 118494
2025-02-02T09:41:26: 118494
2025-02-04T08:49:24: Roles in context: []
2025-02-04T08:49:24: Roles in context: []
2025-02-04T15:37:14: Roles in context: []
2025-02-04T15:37:15: Roles in context: []
2025-02-06T11:34:48: Roles in context: []
2025-02-06T11:34:48: Roles in context: []
2025-02-06T11:35:16: Received parameters: { customer: 'IBG02875', itemCode: 'G00096', uom: 'كغم' }
2025-02-06T11:36:06: Received parameters: { customer: 'IBG02875', itemCode: 'G00834', uom: 'كغم' }
2025-02-06T11:37:07: Received parameters: { customer: 'IBG02875', itemCode: 'G00137', uom: 'كغم' }
2025-02-06T11:37:41: Received parameters: { customer: 'IBG02875', itemCode: 'G00069', uom: 'كغم' }
2025-02-06T11:38:23: Received parameters: { customer: 'IBG02875', itemCode: 'G00142', uom: 'كغم' }
2025-02-06T11:40:27: Received parameters: { customer: 'IBG02875', itemCode: 'G00190', uom: 'كغم' }
2025-02-06T11:40:46: Received parameters: { customer: 'IBG02875', itemCode: 'G00150', uom: 'كغم' }
2025-02-06T11:41:19: Received parameters: { customer: 'IBG02875', itemCode: 'G00151', uom: 'كغم' }
2025-02-06T11:41:40: Received parameters: { customer: 'IBG02875', itemCode: 'G00021', uom: 'كغم' }
2025-02-06T11:42:10: Received parameters: { customer: 'IBG02875', itemCode: 'G00214', uom: 'كغم' }
2025-02-06T11:42:20: {
2025-02-06T11:42:20:   CardCode: 'IBG02875',
2025-02-06T11:42:20:   DocDate: '2025-02-06',
2025-02-06T11:42:20:   DocDueDate: '2025-02-06',
2025-02-06T11:42:20:   Comments: '',
2025-02-06T11:42:20:   DocCurrency: 'IQD',
2025-02-06T11:42:20:   DocumentLines: [
2025-02-06T11:42:20:     {
2025-02-06T11:42:20:       ItemCode: 'G00096',
2025-02-06T11:42:20:       Quantity: 5,
2025-02-06T11:42:20:       WarehouseCode: '05',
2025-02-06T11:42:20:       DiscountPercent: 0,
2025-02-06T11:42:20:       UnitPrice: 112500,
2025-02-06T11:42:20:       UoMEntry: 6
2025-02-06T11:42:20:     },
2025-02-06T11:42:20:     {
2025-02-06T11:42:20:       ItemCode: 'G00834',
2025-02-06T11:42:20:       Quantity: 1,
2025-02-06T11:42:20:       WarehouseCode: '05',
2025-02-06T11:42:20:       DiscountPercent: 0,
2025-02-06T11:42:20:       UnitPrice: 600000,
2025-02-06T11:42:20:       UoMEntry: 6
2025-02-06T11:42:20:     },
2025-02-06T11:42:20:     {
2025-02-06T11:42:20:       ItemCode: 'G00137',
2025-02-06T11:42:20:       Quantity: 1,
2025-02-06T11:42:20:       WarehouseCode: '05',
2025-02-06T11:42:20:       DiscountPercent: 0,
2025-02-06T11:42:20:       UnitPrice: 262500,
2025-02-06T11:42:20:       UoMEntry: 6
2025-02-06T11:42:20:     },
2025-02-06T11:42:20:     {
2025-02-06T11:42:20:       ItemCode: 'G00069',
2025-02-06T11:42:20:       Quantity: 3,
2025-02-06T11:42:20:       WarehouseCode: '05',
2025-02-06T11:42:20:       DiscountPercent: 0,
2025-02-06T11:42:20:       UnitPrice: 150000,
2025-02-06T11:42:20:       UoMEntry: 6
2025-02-06T11:42:20:     },
2025-02-06T11:42:20:     {
2025-02-06T11:42:20:       ItemCode: 'G00142',
2025-02-06T11:42:20:       Quantity: 1,
2025-02-06T11:42:20:       WarehouseCode: '05',
2025-02-06T11:42:20:       DiscountPercent: 0,
2025-02-06T11:42:20:       UnitPrice: 112500,
2025-02-06T11:42:20:       UoMEntry: 6
2025-02-06T11:42:20:     },
2025-02-06T11:42:20:     {
2025-02-06T11:42:20:       ItemCode: 'G00190',
2025-02-06T11:42:20:       Quantity: 1,
2025-02-06T11:42:20:       WarehouseCode: '05',
2025-02-06T11:42:20:       DiscountPercent: 0,
2025-02-06T11:42:20:       UnitPrice: 120000,
2025-02-06T11:42:20:       UoMEntry: 6
2025-02-06T11:42:20:     },
2025-02-06T11:42:20:     {
2025-02-06T11:42:20:       ItemCode: 'G00150',
2025-02-06T11:42:20:       Quantity: 1,
2025-02-06T11:42:20:       WarehouseCode: '05',
2025-02-06T11:42:20:       DiscountPercent: 0,
2025-02-06T11:42:20:       UnitPrice: 225000,
2025-02-06T11:42:20:       UoMEntry: 6
2025-02-06T11:42:20:     },
2025-02-06T11:42:20:     {
2025-02-06T11:42:20:       ItemCode: 'G00151',
2025-02-06T11:42:20:       Quantity: 1,
2025-02-06T11:42:20:       WarehouseCode: '05',
2025-02-06T11:42:20:       DiscountPercent: 0,
2025-02-06T11:42:20:       UnitPrice: 600000,
2025-02-06T11:42:20:       UoMEntry: 6
2025-02-06T11:42:20:     },
2025-02-06T11:42:20:     {
2025-02-06T11:42:20:       ItemCode: 'G00021',
2025-02-06T11:42:20:       Quantity: 1,
2025-02-06T11:42:20:       WarehouseCode: '05',
2025-02-06T11:42:20:       DiscountPercent: 0,
2025-02-06T11:42:20:       UnitPrice: 300000,
2025-02-06T11:42:20:       UoMEntry: 6
2025-02-06T11:42:20:     },
2025-02-06T11:42:20:     {
2025-02-06T11:42:20:       ItemCode: 'G00214',
2025-02-06T11:42:20:       Quantity: 1,
2025-02-06T11:42:20:       WarehouseCode: '05',
2025-02-06T11:42:20:       DiscountPercent: 0,
2025-02-06T11:42:20:       UnitPrice: 262500,
2025-02-06T11:42:20:       UoMEntry: 6
2025-02-06T11:42:20:     }
2025-02-06T11:42:20:   ]
2025-02-06T11:42:20: }
2025-02-06T11:42:20: {
2025-02-06T11:42:20:   CardCode: 'IBG02875',
2025-02-06T11:42:20:   DocDate: '2025-02-06',
2025-02-06T11:42:20:   DocDueDate: '2025-02-06',
2025-02-06T11:42:20:   Comments: '',
2025-02-06T11:42:20:   DocCurrency: 'IQD',
2025-02-06T11:42:20:   DocumentLines: [
2025-02-06T11:42:20:     {
2025-02-06T11:42:20:       ItemCode: 'G00096',
2025-02-06T11:42:20:       Quantity: 5,
2025-02-06T11:42:20:       WarehouseCode: '05',
2025-02-06T11:42:20:       DiscountPercent: 0,
2025-02-06T11:42:20:       UnitPrice: 112500,
2025-02-06T11:42:20:       UoMEntry: 6
2025-02-06T11:42:20:     },
2025-02-06T11:42:20:     {
2025-02-06T11:42:20:       ItemCode: 'G00834',
2025-02-06T11:42:20:       Quantity: 1,
2025-02-06T11:42:20:       WarehouseCode: '05',
2025-02-06T11:42:20:       DiscountPercent: 0,
2025-02-06T11:42:20:       UnitPrice: 600000,
2025-02-06T11:42:20:       UoMEntry: 6
2025-02-06T11:42:20:     },
2025-02-06T11:42:20:     {
2025-02-06T11:42:20:       ItemCode: 'G00137',
2025-02-06T11:42:20:       Quantity: 1,
2025-02-06T11:42:20:       WarehouseCode: '05',
2025-02-06T11:42:20:       DiscountPercent: 0,
2025-02-06T11:42:20:       UnitPrice: 262500,
2025-02-06T11:42:20:       UoMEntry: 6
2025-02-06T11:42:20:     },
2025-02-06T11:42:20:     {
2025-02-06T11:42:20:       ItemCode: 'G00069',
2025-02-06T11:42:20:       Quantity: 3,
2025-02-06T11:42:20:       WarehouseCode: '05',
2025-02-06T11:42:20:       DiscountPercent: 0,
2025-02-06T11:42:20:       UnitPrice: 150000,
2025-02-06T11:42:20:       UoMEntry: 6
2025-02-06T11:42:20:     },
2025-02-06T11:42:20:     {
2025-02-06T11:42:20:       ItemCode: 'G00142',
2025-02-06T11:42:20:       Quantity: 1,
2025-02-06T11:42:20:       WarehouseCode: '05',
2025-02-06T11:42:20:       DiscountPercent: 0,
2025-02-06T11:42:20:       UnitPrice: 112500,
2025-02-06T11:42:20:       UoMEntry: 6
2025-02-06T11:42:20:     },
2025-02-06T11:42:20:     {
2025-02-06T11:42:20:       ItemCode: 'G00190',
2025-02-06T11:42:20:       Quantity: 1,
2025-02-06T11:42:20:       WarehouseCode: '05',
2025-02-06T11:42:20:       DiscountPercent: 0,
2025-02-06T11:42:20:       UnitPrice: 120000,
2025-02-06T11:42:20:       UoMEntry: 6
2025-02-06T11:42:20:     },
2025-02-06T11:42:20:     {
2025-02-06T11:42:20:       ItemCode: 'G00150',
2025-02-06T11:42:20:       Quantity: 1,
2025-02-06T11:42:20:       WarehouseCode: '05',
2025-02-06T11:42:20:       DiscountPercent: 0,
2025-02-06T11:42:20:       UnitPrice: 225000,
2025-02-06T11:42:20:       UoMEntry: 6
2025-02-06T11:42:20:     },
2025-02-06T11:42:20:     {
2025-02-06T11:42:20:       ItemCode: 'G00151',
2025-02-06T11:42:20:       Quantity: 1,
2025-02-06T11:42:20:       WarehouseCode: '05',
2025-02-06T11:42:20:       DiscountPercent: 0,
2025-02-06T11:42:20:       UnitPrice: 600000,
2025-02-06T11:42:20:       UoMEntry: 6
2025-02-06T11:42:20:     },
2025-02-06T11:42:20:     {
2025-02-06T11:42:20:       ItemCode: 'G00021',
2025-02-06T11:42:20:       Quantity: 1,
2025-02-06T11:42:20:       WarehouseCode: '05',
2025-02-06T11:42:20:       DiscountPercent: 0,
2025-02-06T11:42:20:       UnitPrice: 300000,
2025-02-06T11:42:20:       UoMEntry: 6
2025-02-06T11:42:20:     },
2025-02-06T11:42:20:     {
2025-02-06T11:42:20:       ItemCode: 'G00214',
2025-02-06T11:42:20:       Quantity: 1,
2025-02-06T11:42:20:       WarehouseCode: '05',
2025-02-06T11:42:20:       DiscountPercent: 0,
2025-02-06T11:42:20:       UnitPrice: 262500,
2025-02-06T11:42:20:       UoMEntry: 6
2025-02-06T11:42:20:     }
2025-02-06T11:42:20:   ]
2025-02-06T11:42:20: }
2025-02-06T11:42:28: Roles in context: []
2025-02-06T11:42:28: Roles in context: []
2025-02-06T11:42:40: Roles in context: []
2025-02-06T11:42:40: Roles in context: []
2025-02-06T11:42:58: 368
2025-02-06T11:42:59: 368
2025-02-06T13:01:36: Roles in context: []
2025-02-06T13:01:37: Roles in context: []
2025-02-06T13:01:55: Received parameters: { customer: 'IBG03688', itemCode: 'G00295', uom: '0.25 كغم' }
2025-02-06T13:02:11: {
2025-02-06T13:02:11:   CardCode: 'IBG03688',
2025-02-06T13:02:11:   DocDate: '2025-02-06',
2025-02-06T13:02:11:   DocDueDate: '2025-02-06',
2025-02-06T13:02:11:   Comments: '',
2025-02-06T13:02:11:   DocCurrency: 'IQD',
2025-02-06T13:02:11:   DocumentLines: [
2025-02-06T13:02:11:     {
2025-02-06T13:02:11:       ItemCode: 'G00295',
2025-02-06T13:02:11:       Quantity: 1,
2025-02-06T13:02:11:       WarehouseCode: '02',
2025-02-06T13:02:11:       DiscountPercent: 0,
2025-02-06T13:02:11:       UnitPrice: 31125,
2025-02-06T13:02:11:       UoMEntry: 5
2025-02-06T13:02:11:     }
2025-02-06T13:02:11:   ]
2025-02-06T13:02:11: }
2025-02-06T13:02:11: {
2025-02-06T13:02:11:   CardCode: 'IBG03688',
2025-02-06T13:02:11:   DocDate: '2025-02-06',
2025-02-06T13:02:11:   DocDueDate: '2025-02-06',
2025-02-06T13:02:11:   Comments: '',
2025-02-06T13:02:11:   DocCurrency: 'IQD',
2025-02-06T13:02:11:   DocumentLines: [
2025-02-06T13:02:11:     {
2025-02-06T13:02:11:       ItemCode: 'G00295',
2025-02-06T13:02:11:       Quantity: 1,
2025-02-06T13:02:11:       WarehouseCode: '02',
2025-02-06T13:02:11:       DiscountPercent: 0,
2025-02-06T13:02:11:       UnitPrice: 31125,
2025-02-06T13:02:11:       UoMEntry: 5
2025-02-06T13:02:11:     }
2025-02-06T13:02:11:   ]
2025-02-06T13:02:11: }
2025-02-06T13:15:27: 368
2025-02-06T13:15:27: 368
2025-02-06T13:15:32: Sending payload: {
2025-02-06T13:15:32:   "Comments": "",
2025-02-06T13:15:32:   "DocumentLines": [
2025-02-06T13:15:32:     {
2025-02-06T13:15:32:       "LineNum": 0,
2025-02-06T13:15:32:       "ItemCode": "G00096",
2025-02-06T13:15:32:       "Quantity": 5,
2025-02-06T13:15:32:       "UoMEntry": 6,
2025-02-06T13:15:32:       "DiscountPercent": 0
2025-02-06T13:15:32:     },
2025-02-06T13:15:32:     {
2025-02-06T13:15:32:       "LineNum": 1,
2025-02-06T13:15:32:       "ItemCode": "G00834",
2025-02-06T13:15:32:       "Quantity": 1,
2025-02-06T13:15:32:       "UoMEntry": 6,
2025-02-06T13:15:32:       "DiscountPercent": 0
2025-02-06T13:15:32:     },
2025-02-06T13:15:32:     {
2025-02-06T13:15:32:       "LineNum": 2,
2025-02-06T13:15:32:       "ItemCode": "G00137",
2025-02-06T13:15:32:       "Quantity": 1,
2025-02-06T13:15:32:       "UoMEntry": 6,
2025-02-06T13:15:32:       "DiscountPercent": 0
2025-02-06T13:15:32:     },
2025-02-06T13:15:32:     {
2025-02-06T13:15:32:       "LineNum": 3,
2025-02-06T13:15:32:       "ItemCode": "G00069",
2025-02-06T13:15:32:       "Quantity": 3,
2025-02-06T13:15:32:       "UoMEntry": 6,
2025-02-06T13:15:32:       "DiscountPercent": 0
2025-02-06T13:15:32:     },
2025-02-06T13:15:32:     {
2025-02-06T13:15:32:       "LineNum": 4,
2025-02-06T13:15:32:       "ItemCode": "G00142",
2025-02-06T13:15:32:       "Quantity": 1,
2025-02-06T13:15:32:       "UoMEntry": 6,
2025-02-06T13:15:32:       "DiscountPercent": 0
2025-02-06T13:15:32:     },
2025-02-06T13:15:32:     {
2025-02-06T13:15:32:       "LineNum": 5,
2025-02-06T13:15:32:       "ItemCode": "G00190",
2025-02-06T13:15:32:       "Quantity": 1,
2025-02-06T13:15:32:       "UoMEntry": 6,
2025-02-06T13:15:32:       "DiscountPercent": 0
2025-02-06T13:15:32:     },
2025-02-06T13:15:32:     {
2025-02-06T13:15:32:       "LineNum": 6,
2025-02-06T13:15:32:       "ItemCode": "G00150",
2025-02-06T13:15:32:       "Quantity": 1,
2025-02-06T13:15:32:       "UoMEntry": 6,
2025-02-06T13:15:32:       "DiscountPercent": 0
2025-02-06T13:15:32:     },
2025-02-06T13:15:32:     {
2025-02-06T13:15:32:       "LineNum": 7,
2025-02-06T13:15:32:       "ItemCode": "G00151",
2025-02-06T13:15:32:       "Quantity": 1,
2025-02-06T13:15:32:       "UoMEntry": 6,
2025-02-06T13:15:32:       "DiscountPercent": 0
2025-02-06T13:15:32:     },
2025-02-06T13:15:32:     {
2025-02-06T13:15:32:       "LineNum": 8,
2025-02-06T13:15:32:       "ItemCode": "G00021",
2025-02-06T13:15:32:       "Quantity": 1,
2025-02-06T13:15:32:       "UoMEntry": 6,
2025-02-06T13:15:32:       "DiscountPercent": 0
2025-02-06T13:15:32:     },
2025-02-06T13:15:32:     {
2025-02-06T13:15:32:       "LineNum": 9,
2025-02-06T13:15:32:       "ItemCode": "G00214",
2025-02-06T13:15:32:       "Quantity": 1,
2025-02-06T13:15:32:       "UoMEntry": 6,
2025-02-06T13:15:32:       "DiscountPercent": 0
2025-02-06T13:15:32:     }
2025-02-06T13:15:32:   ]
2025-02-06T13:15:32: }
2025-02-06T13:15:40: 368
2025-02-06T13:16:46: 372
2025-02-06T13:16:47: 372
2025-02-06T13:17:01: 368
2025-02-06T13:17:01: 368
2025-02-06T13:17:38: Sending payload: {
2025-02-06T13:17:38:   "Comments": "",
2025-02-06T13:17:38:   "DocumentLines": [
2025-02-06T13:17:38:     {
2025-02-06T13:17:38:       "LineNum": 0,
2025-02-06T13:17:38:       "ItemCode": "G00096",
2025-02-06T13:17:38:       "Quantity": 5,
2025-02-06T13:17:38:       "UoMEntry": 6,
2025-02-06T13:17:38:       "DiscountPercent": 0
2025-02-06T13:17:38:     },
2025-02-06T13:17:38:     {
2025-02-06T13:17:38:       "LineNum": 1,
2025-02-06T13:17:38:       "ItemCode": "G00834",
2025-02-06T13:17:38:       "Quantity": 1,
2025-02-06T13:17:38:       "UoMEntry": 6,
2025-02-06T13:17:38:       "DiscountPercent": 0
2025-02-06T13:17:38:     },
2025-02-06T13:17:38:     {
2025-02-06T13:17:38:       "LineNum": 2,
2025-02-06T13:17:38:       "ItemCode": "G00137",
2025-02-06T13:17:38:       "Quantity": 1,
2025-02-06T13:17:38:       "UoMEntry": 6,
2025-02-06T13:17:38:       "DiscountPercent": 0
2025-02-06T13:17:38:     },
2025-02-06T13:17:38:     {
2025-02-06T13:17:38:       "LineNum": 3,
2025-02-06T13:17:38:       "ItemCode": "G00069",
2025-02-06T13:17:38:       "Quantity": 3,
2025-02-06T13:17:38:       "UoMEntry": 6,
2025-02-06T13:17:38:       "DiscountPercent": 0
2025-02-06T13:17:38:     },
2025-02-06T13:17:38:     {
2025-02-06T13:17:38:       "LineNum": 4,
2025-02-06T13:17:38:       "ItemCode": "G00142",
2025-02-06T13:17:38:       "Quantity": 1,
2025-02-06T13:17:38:       "UoMEntry": 6,
2025-02-06T13:17:38:       "DiscountPercent": 0
2025-02-06T13:17:38:     },
2025-02-06T13:17:38:     {
2025-02-06T13:17:38:       "LineNum": 5,
2025-02-06T13:17:38:       "ItemCode": "G00190",
2025-02-06T13:17:38:       "Quantity": 1,
2025-02-06T13:17:38:       "UoMEntry": 6,
2025-02-06T13:17:38:       "DiscountPercent": 0
2025-02-06T13:17:38:     },
2025-02-06T13:17:38:     {
2025-02-06T13:17:38:       "LineNum": 6,
2025-02-06T13:17:38:       "ItemCode": "G00150",
2025-02-06T13:17:38:       "Quantity": 1,
2025-02-06T13:17:38:       "UoMEntry": 6,
2025-02-06T13:17:38:       "DiscountPercent": 0
2025-02-06T13:17:38:     },
2025-02-06T13:17:38:     {
2025-02-06T13:17:38:       "LineNum": 7,
2025-02-06T13:17:38:       "ItemCode": "G00151",
2025-02-06T13:17:38:       "Quantity": 1,
2025-02-06T13:17:38:       "UoMEntry": 6,
2025-02-06T13:17:38:       "DiscountPercent": 0
2025-02-06T13:17:38:     },
2025-02-06T13:17:38:     {
2025-02-06T13:17:38:       "LineNum": 8,
2025-02-06T13:17:38:       "ItemCode": "G00021",
2025-02-06T13:17:38:       "Quantity": 1,
2025-02-06T13:17:38:       "UoMEntry": 6,
2025-02-06T13:17:38:       "DiscountPercent": 0
2025-02-06T13:17:38:     },
2025-02-06T13:17:38:     {
2025-02-06T13:17:38:       "LineNum": 9,
2025-02-06T13:17:38:       "ItemCode": "G00214",
2025-02-06T13:17:38:       "Quantity": 1,
2025-02-06T13:17:38:       "UoMEntry": 6,
2025-02-06T13:17:38:       "DiscountPercent": 0
2025-02-06T13:17:38:     },
2025-02-06T13:17:38:     {
2025-02-06T13:17:38:       "LineNum": 10,
2025-02-06T13:17:38:       "ItemCode": "ALC00003",
2025-02-06T13:17:38:       "Quantity": 4,
2025-02-06T13:17:38:       "UoMEntry": 24,
2025-02-06T13:17:38:       "DiscountPercent": 0
2025-02-06T13:17:38:     }
2025-02-06T13:17:38:   ]
2025-02-06T13:17:38: }
2025-02-06T13:17:40: 368
2025-02-06T15:13:48: Roles in context: []
2025-02-06T15:13:48: Roles in context: []
2025-02-06T15:15:23: Roles in context: []
2025-02-06T15:15:24: Roles in context: []
2025-02-08T10:05:26: Roles in context: []
2025-02-08T10:05:26: Roles in context: []
2025-02-08T10:06:58: Received parameters: { customer: 'IBG01887', itemCode: 'N100099', uom: 'كغم' }
2025-02-08T10:07:41: Received parameters: { customer: 'IBG01887', itemCode: 'N100099', uom: '0.5 كيلو' }
2025-02-08T10:08:05: Received parameters: { customer: 'IBG01887', itemCode: 'G01339', uom: '0.25 كغم' }
2025-02-08T10:08:12: {
2025-02-08T10:08:12:   CardCode: 'IBG01887',
2025-02-08T10:08:12:   DocDate: '2025-02-08',
2025-02-08T10:08:12:   DocDueDate: '2025-02-08',
2025-02-08T10:08:12:   Comments: 'شركات ',
2025-02-08T10:08:12:   DocCurrency: 'IQD',
2025-02-08T10:08:12:   DocumentLines: [
2025-02-08T10:08:12:     {
2025-02-08T10:08:12:       ItemCode: 'N100099',
2025-02-08T10:08:12:       Quantity: 1,
2025-02-08T10:08:12:       WarehouseCode: '05',
2025-02-08T10:08:12:       DiscountPercent: 0,
2025-02-08T10:08:12:       UnitPrice: 16500,
2025-02-08T10:08:12:       UoMEntry: 10
2025-02-08T10:08:12:     },
2025-02-08T10:08:12:     {
2025-02-08T10:08:12:       ItemCode: 'G01339',
2025-02-08T10:08:12:       Quantity: 1,
2025-02-08T10:08:12:       WarehouseCode: '05',
2025-02-08T10:08:12:       DiscountPercent: 0,
2025-02-08T10:08:12:       UnitPrice: 38625,
2025-02-08T10:08:12:       UoMEntry: 5
2025-02-08T10:08:12:     }
2025-02-08T10:08:12:   ]
2025-02-08T10:08:12: }
2025-02-08T10:08:12: {
2025-02-08T10:08:12:   CardCode: 'IBG01887',
2025-02-08T10:08:12:   DocDate: '2025-02-08',
2025-02-08T10:08:12:   DocDueDate: '2025-02-08',
2025-02-08T10:08:12:   Comments: 'شركات ',
2025-02-08T10:08:12:   DocCurrency: 'IQD',
2025-02-08T10:08:12:   DocumentLines: [
2025-02-08T10:08:12:     {
2025-02-08T10:08:12:       ItemCode: 'N100099',
2025-02-08T10:08:12:       Quantity: 1,
2025-02-08T10:08:12:       WarehouseCode: '05',
2025-02-08T10:08:12:       DiscountPercent: 0,
2025-02-08T10:08:12:       UnitPrice: 16500,
2025-02-08T10:08:12:       UoMEntry: 10
2025-02-08T10:08:12:     },
2025-02-08T10:08:12:     {
2025-02-08T10:08:12:       ItemCode: 'G01339',
2025-02-08T10:08:12:       Quantity: 1,
2025-02-08T10:08:12:       WarehouseCode: '05',
2025-02-08T10:08:12:       DiscountPercent: 0,
2025-02-08T10:08:12:       UnitPrice: 38625,
2025-02-08T10:08:12:       UoMEntry: 5
2025-02-08T10:08:12:     }
2025-02-08T10:08:12:   ]
2025-02-08T10:08:12: }
2025-02-08T10:09:49: 378
2025-02-08T10:09:50: 378
2025-02-08T10:13:57: Roles in context: []
2025-02-08T10:13:57: Roles in context: []
2025-02-08T10:14:13: Received parameters: { customer: 'IBG00882', itemCode: 'ALC00003', uom: 'دبه 20 لتر' }
2025-02-08T10:14:23: Received parameters: { customer: 'IBG00882', itemCode: 'ALC00003', uom: 'دبه 20 لتر' }
2025-02-08T10:16:56: Roles in context: []
2025-02-08T10:16:56: Roles in context: []
2025-02-08T10:17:05: Roles in context: []
2025-02-08T10:17:21: Roles in context: []
2025-02-08T10:17:24: Roles in context: []
2025-02-08T10:17:25: Roles in context: []
2025-02-08T10:17:27: Roles in context: []
2025-02-08T10:17:28: Roles in context: []
2025-02-08T10:17:29: Roles in context: []
2025-02-08T10:17:38: Roles in context: []
2025-02-08T10:18:44: Received parameters: { customer: 'IBG00882', itemCode: 'ALC00005', uom: 'دبه 5 لتر' }
2025-02-08T10:19:30: Roles in context: []
2025-02-08T10:19:30: Roles in context: []
2025-02-08T10:19:31: Roles in context: []
2025-02-08T10:19:32: Roles in context: []
2025-02-08T10:19:33: Roles in context: []
2025-02-08T10:19:42: Roles in context: []
2025-02-08T10:19:42: Roles in context: []
2025-02-08T10:21:10: Roles in context: []
2025-02-08T10:21:18: Roles in context: []
2025-02-08T10:21:18: Roles in context: []
2025-02-08T10:23:35: Received parameters: { customer: 'IBG03161', itemCode: 'R00080', uom: 'كغم' }
2025-02-08T10:24:22: Roles in context: []
2025-02-08T10:24:23: Roles in context: []
2025-02-08T10:24:52: Received parameters: { customer: 'IBG01159', itemCode: 'R00050', uom: 'كغم' }
2025-02-08T10:25:01: Received parameters: { customer: 'IBG01159', itemCode: 'R00050', uom: '0.5 كيلو' }
2025-02-08T10:25:23: Received parameters: { customer: 'IBG01159', itemCode: 'R00419', uom: '0.25 كغم' }
2025-02-08T10:25:49: Received parameters: { customer: 'IBG01159', itemCode: 'R00046', uom: 'كغم' }
2025-02-08T10:27:22: Received parameters: { customer: 'IBG02805', itemCode: 'G00129', uom: 'كغم' }
2025-02-08T10:27:25: Received parameters: { customer: 'IBG02805', itemCode: 'G00129', uom: '0.25 كغم بلاستك' }
2025-02-08T10:29:26: Received parameters: { customer: 'IBG02805', itemCode: 'G00123', uom: 'كغم' }
2025-02-08T10:29:31: Received parameters: { customer: 'IBG02805', itemCode: 'G00123', uom: '0.25 كغم بلاستك' }
2025-02-08T10:29:43: {
2025-02-08T10:29:43:   CardCode: 'IBG02805',
2025-02-08T10:29:43:   DocDate: '2025-02-08',
2025-02-08T10:29:43:   DocDueDate: '2025-02-08',
2025-02-08T10:29:43:   Comments: 'دليفري ',
2025-02-08T10:29:43:   DocCurrency: 'IQD',
2025-02-08T10:29:43:   DocumentLines: [
2025-02-08T10:29:43:     {
2025-02-08T10:29:43:       ItemCode: 'G00129',
2025-02-08T10:29:43:       Quantity: 1,
2025-02-08T10:29:43:       WarehouseCode: '02',
2025-02-08T10:29:43:       DiscountPercent: 0,
2025-02-08T10:29:43:       UnitPrice: 40500,
2025-02-08T10:29:43:       UoMEntry: 11
2025-02-08T10:29:43:     }
2025-02-08T10:29:43:   ]
2025-02-08T10:29:43: }
2025-02-08T10:29:43: {
2025-02-08T10:29:43:   CardCode: 'IBG02805',
2025-02-08T10:29:43:   DocDate: '2025-02-08',
2025-02-08T10:29:43:   DocDueDate: '2025-02-08',
2025-02-08T10:29:43:   Comments: 'دليفري ',
2025-02-08T10:29:43:   DocCurrency: 'IQD',
2025-02-08T10:29:43:   DocumentLines: [
2025-02-08T10:29:43:     {
2025-02-08T10:29:43:       ItemCode: 'G00129',
2025-02-08T10:29:43:       Quantity: 1,
2025-02-08T10:29:43:       WarehouseCode: '02',
2025-02-08T10:29:43:       DiscountPercent: 0,
2025-02-08T10:29:43:       UnitPrice: 40500,
2025-02-08T10:29:43:       UoMEntry: 11
2025-02-08T10:29:43:     }
2025-02-08T10:29:43:   ]
2025-02-08T10:29:43: }
2025-02-08T10:30:51: 378
2025-02-08T10:30:51: 378
2025-02-08T10:30:54: {
2025-02-08T10:30:54:   CardCode: 'IBG00441',
2025-02-08T10:30:54:   DocDate: '2025-02-08',
2025-02-08T10:30:54:   DocDueDate: '2025-02-08',
2025-02-08T10:30:54:   Comments: 'دليفري ',
2025-02-08T10:30:54:   DocCurrency: 'IQD',
2025-02-08T10:30:54:   DocumentLines: [
2025-02-08T10:30:54:     {
2025-02-08T10:30:54:       ItemCode: 'G00129',
2025-02-08T10:30:54:       Quantity: 1,
2025-02-08T10:30:54:       WarehouseCode: '02',
2025-02-08T10:30:54:       DiscountPercent: 0,
2025-02-08T10:30:54:       UnitPrice: 40500,
2025-02-08T10:30:54:       UoMEntry: 11
2025-02-08T10:30:54:     }
2025-02-08T10:30:54:   ]
2025-02-08T10:30:54: }
2025-02-08T10:30:54: {
2025-02-08T10:30:54:   CardCode: 'IBG00441',
2025-02-08T10:30:54:   DocDate: '2025-02-08',
2025-02-08T10:30:54:   DocDueDate: '2025-02-08',
2025-02-08T10:30:54:   Comments: 'دليفري ',
2025-02-08T10:30:54:   DocCurrency: 'IQD',
2025-02-08T10:30:54:   DocumentLines: [
2025-02-08T10:30:54:     {
2025-02-08T10:30:54:       ItemCode: 'G00129',
2025-02-08T10:30:54:       Quantity: 1,
2025-02-08T10:30:54:       WarehouseCode: '02',
2025-02-08T10:30:54:       DiscountPercent: 0,
2025-02-08T10:30:54:       UnitPrice: 40500,
2025-02-08T10:30:54:       UoMEntry: 11
2025-02-08T10:30:54:     }
2025-02-08T10:30:54:   ]
2025-02-08T10:30:54: }
2025-02-08T10:31:13: 119562
2025-02-08T10:31:13: 119562
2025-02-08T11:44:23: Roles in context: []
2025-02-08T11:44:24: Roles in context: []
2025-02-08T11:44:48: Received parameters: { customer: 'OBG00842', itemCode: 'S00660', uom: 'كارتون' }
2025-02-08T11:45:06: Received parameters: { customer: 'OBG00842', itemCode: 'R00336', uom: '0.25 كغم' }
2025-02-08T11:45:22: Received parameters: { customer: 'OBG00842', itemCode: 'R00029', uom: 'كغم' }
2025-02-08T11:45:26: Received parameters: { customer: 'OBG00842', itemCode: 'R00029', uom: '100 غم' }
2025-02-08T11:45:47: Received parameters: { customer: 'OBG00842', itemCode: 'S00444', uom: 'كارتون' }
2025-02-08T11:45:49: Received parameters: { customer: 'OBG00842', itemCode: 'S00444', uom: 'درزن' }
2025-02-08T11:45:57: Received parameters: { customer: 'OBG00842', itemCode: 'S01118', uom: 'كارتون' }
2025-02-08T11:45:59: Received parameters: { customer: 'OBG00842', itemCode: 'S01118', uom: 'درزن' }
2025-02-08T11:46:07: Received parameters: { customer: 'OBG00842', itemCode: 'S00766', uom: 'كارتون' }
2025-02-08T11:46:09: Received parameters: { customer: 'OBG00842', itemCode: 'S00766', uom: 'درزن' }
2025-02-08T11:46:28: Received parameters: { customer: 'OBG00842', itemCode: 'S00603', uom: 'كارتون' }
2025-02-08T11:46:30: Received parameters: { customer: 'OBG00842', itemCode: 'S00603', uom: 'درزن' }
2025-02-08T11:46:38: Received parameters: { customer: 'OBG00842', itemCode: 'S00773', uom: 'كارتون' }
2025-02-08T11:46:40: Received parameters: { customer: 'OBG00842', itemCode: 'S00773', uom: 'درزن' }
2025-02-08T11:46:49: {
2025-02-08T11:46:49:   CardCode: 'OBG00842',
2025-02-08T11:46:49:   DocDate: '2025-02-08',
2025-02-08T11:46:49:   DocDueDate: '2025-02-08',
2025-02-08T11:46:49:   Comments: '',
2025-02-08T11:46:49:   DocCurrency: 'IQD',
2025-02-08T11:46:49:   DocumentLines: [
2025-02-08T11:46:49:     {
2025-02-08T11:46:49:       ItemCode: 'S00660',
2025-02-08T11:46:49:       Quantity: 1,
2025-02-08T11:46:49:       WarehouseCode: '10',
2025-02-08T11:46:49:       DiscountPercent: 0,
2025-02-08T11:46:49:       UnitPrice: 27000,
2025-02-08T11:46:49:       UoMEntry: 18
2025-02-08T11:46:49:     },
2025-02-08T11:46:49:     {
2025-02-08T11:46:49:       ItemCode: 'R00336',
2025-02-08T11:46:49:       Quantity: 1,
2025-02-08T11:46:49:       WarehouseCode: '02',
2025-02-08T11:46:49:       DiscountPercent: 0,
2025-02-08T11:46:49:       UnitPrice: 23625,
2025-02-08T11:46:49:       UoMEntry: 5
2025-02-08T11:46:49:     },
2025-02-08T11:46:49:     {
2025-02-08T11:46:49:       ItemCode: 'R00029',
2025-02-08T11:46:49:       Quantity: 1,
2025-02-08T11:46:49:       WarehouseCode: '02',
2025-02-08T11:46:49:       DiscountPercent: 0,
2025-02-08T11:46:49:       UnitPrice: 8999.7,
2025-02-08T11:46:49:       UoMEntry: 8
2025-02-08T11:46:49:     },
2025-02-08T11:46:49:     {
2025-02-08T11:46:49:       ItemCode: 'S00444',
2025-02-08T11:46:49:       Quantity: 1,
2025-02-08T11:46:49:       WarehouseCode: '11',
2025-02-08T11:46:49:       DiscountPercent: 0,
2025-02-08T11:46:49:       UnitPrice: 9000,
2025-02-08T11:46:49:       UoMEntry: 17
2025-02-08T11:46:49:     },
2025-02-08T11:46:49:     {
2025-02-08T11:46:49:       ItemCode: 'S01118',
2025-02-08T11:46:49:       Quantity: 1,
2025-02-08T11:46:49:       WarehouseCode: '11',
2025-02-08T11:46:49:       DiscountPercent: 0,
2025-02-08T11:46:49:       UnitPrice: 8250,
2025-02-08T11:46:49:       UoMEntry: 17
2025-02-08T11:46:49:     },
2025-02-08T11:46:49:     {
2025-02-08T11:46:49:       ItemCode: 'S00766',
2025-02-08T11:46:49:       Quantity: 1,
2025-02-08T11:46:49:       WarehouseCode: '11',
2025-02-08T11:46:49:       DiscountPercent: 0,
2025-02-08T11:46:49:       UnitPrice: 5250,
2025-02-08T11:46:49:       UoMEntry: 17
2025-02-08T11:46:49:     },
2025-02-08T11:46:49:     {
2025-02-08T11:46:49:       ItemCode: 'S00603',
2025-02-08T11:46:49:       Quantity: 1,
2025-02-08T11:46:49:       WarehouseCode: '11',
2025-02-08T11:46:49:       DiscountPercent: 0,
2025-02-08T11:46:49:       UnitPrice: 6750,
2025-02-08T11:46:49:       UoMEntry: 17
2025-02-08T11:46:49:     },
2025-02-08T11:46:49:     {
2025-02-08T11:46:49:       ItemCode: 'S00773',
2025-02-08T11:46:49:       Quantity: 1,
2025-02-08T11:46:49:       WarehouseCode: '11',
2025-02-08T11:46:49:       DiscountPercent: 0,
2025-02-08T11:46:49:       UnitPrice: 9750,
2025-02-08T11:46:49:       UoMEntry: 17
2025-02-08T11:46:49:     }
2025-02-08T11:46:49:   ]
2025-02-08T11:46:49: }
2025-02-08T11:46:49: {
2025-02-08T11:46:49:   CardCode: 'OBG00842',
2025-02-08T11:46:49:   DocDate: '2025-02-08',
2025-02-08T11:46:49:   DocDueDate: '2025-02-08',
2025-02-08T11:46:49:   Comments: '',
2025-02-08T11:46:49:   DocCurrency: 'IQD',
2025-02-08T11:46:49:   DocumentLines: [
2025-02-08T11:46:49:     {
2025-02-08T11:46:49:       ItemCode: 'S00660',
2025-02-08T11:46:49:       Quantity: 1,
2025-02-08T11:46:49:       WarehouseCode: '10',
2025-02-08T11:46:49:       DiscountPercent: 0,
2025-02-08T11:46:49:       UnitPrice: 27000,
2025-02-08T11:46:49:       UoMEntry: 18
2025-02-08T11:46:49:     },
2025-02-08T11:46:49:     {
2025-02-08T11:46:49:       ItemCode: 'R00336',
2025-02-08T11:46:49:       Quantity: 1,
2025-02-08T11:46:49:       WarehouseCode: '02',
2025-02-08T11:46:49:       DiscountPercent: 0,
2025-02-08T11:46:49:       UnitPrice: 23625,
2025-02-08T11:46:49:       UoMEntry: 5
2025-02-08T11:46:49:     },
2025-02-08T11:46:49:     {
2025-02-08T11:46:49:       ItemCode: 'R00029',
2025-02-08T11:46:49:       Quantity: 1,
2025-02-08T11:46:49:       WarehouseCode: '02',
2025-02-08T11:46:49:       DiscountPercent: 0,
2025-02-08T11:46:49:       UnitPrice: 8999.7,
2025-02-08T11:46:49:       UoMEntry: 8
2025-02-08T11:46:49:     },
2025-02-08T11:46:49:     {
2025-02-08T11:46:49:       ItemCode: 'S00444',
2025-02-08T11:46:49:       Quantity: 1,
2025-02-08T11:46:49:       WarehouseCode: '11',
2025-02-08T11:46:49:       DiscountPercent: 0,
2025-02-08T11:46:49:       UnitPrice: 9000,
2025-02-08T11:46:49:       UoMEntry: 17
2025-02-08T11:46:49:     },
2025-02-08T11:46:49:     {
2025-02-08T11:46:49:       ItemCode: 'S01118',
2025-02-08T11:46:49:       Quantity: 1,
2025-02-08T11:46:49:       WarehouseCode: '11',
2025-02-08T11:46:49:       DiscountPercent: 0,
2025-02-08T11:46:49:       UnitPrice: 8250,
2025-02-08T11:46:49:       UoMEntry: 17
2025-02-08T11:46:49:     },
2025-02-08T11:46:49:     {
2025-02-08T11:46:49:       ItemCode: 'S00766',
2025-02-08T11:46:49:       Quantity: 1,
2025-02-08T11:46:49:       WarehouseCode: '11',
2025-02-08T11:46:49:       DiscountPercent: 0,
2025-02-08T11:46:49:       UnitPrice: 5250,
2025-02-08T11:46:49:       UoMEntry: 17
2025-02-08T11:46:49:     },
2025-02-08T11:46:49:     {
2025-02-08T11:46:49:       ItemCode: 'S00603',
2025-02-08T11:46:49:       Quantity: 1,
2025-02-08T11:46:49:       WarehouseCode: '11',
2025-02-08T11:46:49:       DiscountPercent: 0,
2025-02-08T11:46:49:       UnitPrice: 6750,
2025-02-08T11:46:49:       UoMEntry: 17
2025-02-08T11:46:49:     },
2025-02-08T11:46:49:     {
2025-02-08T11:46:49:       ItemCode: 'S00773',
2025-02-08T11:46:49:       Quantity: 1,
2025-02-08T11:46:49:       WarehouseCode: '11',
2025-02-08T11:46:49:       DiscountPercent: 0,
2025-02-08T11:46:49:       UnitPrice: 9750,
2025-02-08T11:46:49:       UoMEntry: 17
2025-02-08T11:46:49:     }
2025-02-08T11:46:49:   ]
2025-02-08T11:46:49: }
2025-02-08T12:15:41: 382
2025-02-08T12:15:42: 382
2025-02-08T12:16:05: 119630
2025-02-08T12:16:05: 119630
2025-02-08T13:15:26: Roles in context: []
2025-02-08T13:15:26: Roles in context: []
2025-02-08T13:16:00: Received parameters: { customer: 'IBG00991', itemCode: 'R00153', uom: 'كغم' }
2025-02-08T13:16:20: Received parameters: { customer: 'IBG00991', itemCode: 'S00208', uom: 'كارتون' }
2025-02-08T13:16:21: Received parameters: { customer: 'IBG00991', itemCode: 'S00208', uom: 'درزن' }
2025-02-08T13:16:30: {
2025-02-08T13:16:30:   CardCode: 'IBG00991',
2025-02-08T13:16:30:   DocDate: '2025-02-08',
2025-02-08T13:16:30:   DocDueDate: '2025-02-08',
2025-02-08T13:16:30:   Comments: '',
2025-02-08T13:16:30:   DocCurrency: 'IQD',
2025-02-08T13:16:30:   DocumentLines: [
2025-02-08T13:16:30:     {
2025-02-08T13:16:30:       ItemCode: 'R00153',
2025-02-08T13:16:30:       Quantity: 2,
2025-02-08T13:16:30:       WarehouseCode: '05',
2025-02-08T13:16:30:       DiscountPercent: 0,
2025-02-08T13:16:30:       UnitPrice: 67500,
2025-02-08T13:16:30:       UoMEntry: 6
2025-02-08T13:16:30:     },
2025-02-08T13:16:30:     {
2025-02-08T13:16:30:       ItemCode: 'S00208',
2025-02-08T13:16:30:       Quantity: 2,
2025-02-08T13:16:30:       WarehouseCode: '11',
2025-02-08T13:16:30:       DiscountPercent: 0,
2025-02-08T13:16:30:       UnitPrice: 2250,
2025-02-08T13:16:30:       UoMEntry: 17
2025-02-08T13:16:30:     }
2025-02-08T13:16:30:   ]
2025-02-08T13:16:30: }
2025-02-08T13:16:30: {
2025-02-08T13:16:30:   CardCode: 'IBG00991',
2025-02-08T13:16:30:   DocDate: '2025-02-08',
2025-02-08T13:16:30:   DocDueDate: '2025-02-08',
2025-02-08T13:16:30:   Comments: '',
2025-02-08T13:16:30:   DocCurrency: 'IQD',
2025-02-08T13:16:30:   DocumentLines: [
2025-02-08T13:16:30:     {
2025-02-08T13:16:30:       ItemCode: 'R00153',
2025-02-08T13:16:30:       Quantity: 2,
2025-02-08T13:16:30:       WarehouseCode: '05',
2025-02-08T13:16:30:       DiscountPercent: 0,
2025-02-08T13:16:30:       UnitPrice: 67500,
2025-02-08T13:16:30:       UoMEntry: 6
2025-02-08T13:16:30:     },
2025-02-08T13:16:30:     {
2025-02-08T13:16:30:       ItemCode: 'S00208',
2025-02-08T13:16:30:       Quantity: 2,
2025-02-08T13:16:30:       WarehouseCode: '11',
2025-02-08T13:16:30:       DiscountPercent: 0,
2025-02-08T13:16:30:       UnitPrice: 2250,
2025-02-08T13:16:30:       UoMEntry: 17
2025-02-08T13:16:30:     }
2025-02-08T13:16:30:   ]
2025-02-08T13:16:30: }
2025-02-08T13:36:48: Roles in context: []
2025-02-08T13:36:48: Roles in context: []
2025-02-08T13:40:47: Received parameters: { customer: 'IBG00291', itemCode: 'G00065', uom: 'كغم' }
2025-02-08T13:40:51: Received parameters: { customer: 'IBG00291', itemCode: 'G00065', uom: '0.25 كغم بلاستك' }
2025-02-08T13:41:47: Received parameters: { customer: 'IBG00291', itemCode: 'ADF01132', uom: 'كغم' }
2025-02-08T13:41:51: Received parameters: { customer: 'IBG00291', itemCode: 'ADF01132', uom: '0.25 كغم بلاستك' }
2025-02-08T13:42:37: Received parameters: { customer: 'IBG00291', itemCode: 'G00267', uom: '0.25 كغم' }
2025-02-08T13:44:08: Received parameters: { customer: 'IBG00291', itemCode: 'R00331', uom: '0.25 كغم' }
2025-02-08T13:44:26: Received parameters: { customer: 'IBG00291', itemCode: 'ADF00715', uom: '0.25 كغم' }
2025-02-08T13:44:51: Received parameters: { customer: 'IBG00291', itemCode: 'R00505', uom: '0.25 كغم' }
2025-02-08T13:45:24: Received parameters: { customer: 'IBG00291', itemCode: 'R00499', uom: '0.25 كغم' }
2025-02-08T13:45:32: Received parameters: { customer: 'IBG00291', itemCode: 'R00414', uom: '0.25 كغم' }
2025-02-08T13:45:50: Received parameters: { customer: 'IBG00291', itemCode: 'ADF00542', uom: '0.25 كغم' }
2025-02-08T13:47:07: Received parameters: { customer: 'IBG00291', itemCode: 'R00933', uom: 'كغم' }
2025-02-08T13:48:12: Received parameters: { customer: 'IBG00291', itemCode: 'R00933', uom: 'كغم' }
2025-02-08T13:48:14: Received parameters: { customer: 'IBG00291', itemCode: 'R00933', uom: '0.25 كغم بلاستك' }
2025-02-08T13:48:25: Received parameters: { customer: 'IBG00291', itemCode: 'R01113', uom: '0.25 كغم' }
2025-02-08T13:48:46: Received parameters: { customer: 'IBG00291', itemCode: 'R00397', uom: '0.25 كغم' }
2025-02-08T13:49:17: Received parameters: { customer: 'IBG00291', itemCode: 'ADF00754', uom: '0.25 كغم' }
2025-02-08T13:49:32: Received parameters: { customer: 'IBG00291', itemCode: 'S00730', uom: 'كارتون' }
2025-02-08T13:50:06: Received parameters: { customer: 'IBG00291', itemCode: 'ADF01134', uom: 'كغم' }
2025-02-08T13:50:09: Received parameters: { customer: 'IBG00291', itemCode: 'ADF01134', uom: '0.25 كغم بلاستك' }
2025-02-08T13:50:16: {
2025-02-08T13:50:16:   CardCode: 'IBG00291',
2025-02-08T13:50:16:   DocDate: '2025-02-08',
2025-02-08T13:50:16:   DocDueDate: '2025-02-08',
2025-02-08T13:50:16:   Comments: '\\\\\\\\\\ دلفري',
2025-02-08T13:50:16:   DocCurrency: 'IQD',
2025-02-08T13:50:16:   DocumentLines: [
2025-02-08T13:50:16:     {
2025-02-08T13:50:16:       ItemCode: 'G00065',
2025-02-08T13:50:16:       Quantity: 1,
2025-02-08T13:50:16:       WarehouseCode: '02',
2025-02-08T13:50:16:       DiscountPercent: 0,
2025-02-08T13:50:16:       UnitPrice: 78000,
2025-02-08T13:50:16:       UoMEntry: 11
2025-02-08T13:50:16:     },
2025-02-08T13:50:16:     {
2025-02-08T13:50:16:       ItemCode: 'ADF01132',
2025-02-08T13:50:16:       Quantity: 1,
2025-02-08T13:50:16:       WarehouseCode: '02',
2025-02-08T13:50:16:       DiscountPercent: 0,
2025-02-08T13:50:16:       UnitPrice: 27375.6,
2025-02-08T13:50:16:       UoMEntry: 11
2025-02-08T13:50:16:     },
2025-02-08T13:50:16:     {
2025-02-08T13:50:16:       ItemCode: 'G00267',
2025-02-08T13:50:16:       Quantity: 1,
2025-02-08T13:50:16:       WarehouseCode: '02',
2025-02-08T13:50:16:       DiscountPercent: 0,
2025-02-08T13:50:16:       UnitPrice: 49875,
2025-02-08T13:50:16:       UoMEntry: 5
2025-02-08T13:50:16:     },
2025-02-08T13:50:16:     {
2025-02-08T13:50:16:       ItemCode: 'R00331',
2025-02-08T13:50:16:       Quantity: 1,
2025-02-08T13:50:16:       WarehouseCode: '02',
2025-02-08T13:50:16:       DiscountPercent: 0,
2025-02-08T13:50:16:       UnitPrice: 20250,
2025-02-08T13:50:16:       UoMEntry: 5
2025-02-08T13:50:16:     },
2025-02-08T13:50:16:     {
2025-02-08T13:50:16:       ItemCode: 'ADF00715',
2025-02-08T13:50:16:       Quantity: 1,
2025-02-08T13:50:16:       WarehouseCode: '02',
2025-02-08T13:50:16:       DiscountPercent: 0,
2025-02-08T13:50:16:       UnitPrice: 23625,
2025-02-08T13:50:16:       UoMEntry: 5
2025-02-08T13:50:16:     },
2025-02-08T13:50:16:     {
2025-02-08T13:50:16:       ItemCode: 'R00505',
2025-02-08T13:50:16:       Quantity: 1,
2025-02-08T13:50:16:       WarehouseCode: '02',
2025-02-08T13:50:16:       DiscountPercent: 0,
2025-02-08T13:50:16:       UnitPrice: 16125,
2025-02-08T13:50:16:       UoMEntry: 5
2025-02-08T13:50:16:     },
2025-02-08T13:50:16:     {
2025-02-08T13:50:16:       ItemCode: 'R00499',
2025-02-08T13:50:16:       Quantity: 1,
2025-02-08T13:50:16:       WarehouseCode: '02',
2025-02-08T13:50:16:       DiscountPercent: 0,
2025-02-08T13:50:16:       UnitPrice: 15750,
2025-02-08T13:50:16:       UoMEntry: 5
2025-02-08T13:50:16:     },
2025-02-08T13:50:16:     {
2025-02-08T13:50:16:       ItemCode: 'R00414',
2025-02-08T13:50:16:       Quantity: 1,
2025-02-08T13:50:16:       WarehouseCode: '02',
2025-02-08T13:50:16:       DiscountPercent: 0,
2025-02-08T13:50:16:       UnitPrice: 15000,
2025-02-08T13:50:16:       UoMEntry: 5
2025-02-08T13:50:16:     },
2025-02-08T13:50:16:     {
2025-02-08T13:50:16:       ItemCode: 'ADF00542',
2025-02-08T13:50:16:       Quantity: 1,
2025-02-08T13:50:16:       WarehouseCode: '02',
2025-02-08T13:50:16:       DiscountPercent: 0,
2025-02-08T13:50:16:       UnitPrice: 29250,
2025-02-08T13:50:16:       UoMEntry: 5
2025-02-08T13:50:16:     },
2025-02-08T13:50:16:     {
2025-02-08T13:50:16:       ItemCode: 'R00933',
2025-02-08T13:50:16:       Quantity: 1,
2025-02-08T13:50:16:       WarehouseCode: '02',
2025-02-08T13:50:16:       DiscountPercent: 0,
2025-02-08T13:50:16:       UnitPrice: 16499.7,
2025-02-08T13:50:16:       UoMEntry: 11
2025-02-08T13:50:16:     },
2025-02-08T13:50:16:     {
2025-02-08T13:50:16:       ItemCode: 'R01113',
2025-02-08T13:50:16:       Quantity: 1,
2025-02-08T13:50:16:       WarehouseCode: '02',
2025-02-08T13:50:16:       DiscountPercent: 0,
2025-02-08T13:50:16:       UnitPrice: 18000,
2025-02-08T13:50:16:       UoMEntry: 5
2025-02-08T13:50:16:     },
2025-02-08T13:50:16:     {
2025-02-08T13:50:16:       ItemCode: 'R00397',
2025-02-08T13:50:16:       Quantity: 1,
2025-02-08T13:50:16:       WarehouseCode: '02',
2025-02-08T13:50:16:       DiscountPercent: 0,
2025-02-08T13:50:16:       UnitPrice: 18000,
2025-02-08T13:50:16:       UoMEntry: 5
2025-02-08T13:50:16:     },
2025-02-08T13:50:16:     {
2025-02-08T13:50:16:       ItemCode: 'ADF00754',
2025-02-08T13:50:16:       Quantity: 1,
2025-02-08T13:50:16:       WarehouseCode: '02',
2025-02-08T13:50:16:       DiscountPercent: 0,
2025-02-08T13:50:16:       UnitPrice: 23625,
2025-02-08T13:50:16:       UoMEntry: 5
2025-02-08T13:50:16:     },
2025-02-08T13:50:16:     {
2025-02-08T13:50:16:       ItemCode: 'S00730',
2025-02-08T13:50:16:       Quantity: 2,
2025-02-08T13:50:16:       WarehouseCode: '10',
2025-02-08T13:50:16:       DiscountPercent: 0,
2025-02-08T13:50:16:       UnitPrice: 52500,
2025-02-08T13:50:16:       UoMEntry: 18
2025-02-08T13:50:16:     }
2025-02-08T13:50:16:   ]
2025-02-08T13:50:16: }
2025-02-08T13:50:16: {
2025-02-08T13:50:16:   CardCode: 'IBG00291',
2025-02-08T13:50:16:   DocDate: '2025-02-08',
2025-02-08T13:50:16:   DocDueDate: '2025-02-08',
2025-02-08T13:50:16:   Comments: '\\\\\\\\\\ دلفري',
2025-02-08T13:50:16:   DocCurrency: 'IQD',
2025-02-08T13:50:16:   DocumentLines: [
2025-02-08T13:50:16:     {
2025-02-08T13:50:16:       ItemCode: 'G00065',
2025-02-08T13:50:16:       Quantity: 1,
2025-02-08T13:50:16:       WarehouseCode: '02',
2025-02-08T13:50:16:       DiscountPercent: 0,
2025-02-08T13:50:16:       UnitPrice: 78000,
2025-02-08T13:50:16:       UoMEntry: 11
2025-02-08T13:50:16:     },
2025-02-08T13:50:16:     {
2025-02-08T13:50:16:       ItemCode: 'ADF01132',
2025-02-08T13:50:16:       Quantity: 1,
2025-02-08T13:50:16:       WarehouseCode: '02',
2025-02-08T13:50:16:       DiscountPercent: 0,
2025-02-08T13:50:16:       UnitPrice: 27375.6,
2025-02-08T13:50:16:       UoMEntry: 11
2025-02-08T13:50:16:     },
2025-02-08T13:50:16:     {
2025-02-08T13:50:16:       ItemCode: 'G00267',
2025-02-08T13:50:16:       Quantity: 1,
2025-02-08T13:50:16:       WarehouseCode: '02',
2025-02-08T13:50:16:       DiscountPercent: 0,
2025-02-08T13:50:16:       UnitPrice: 49875,
2025-02-08T13:50:16:       UoMEntry: 5
2025-02-08T13:50:16:     },
2025-02-08T13:50:16:     {
2025-02-08T13:50:16:       ItemCode: 'R00331',
2025-02-08T13:50:16:       Quantity: 1,
2025-02-08T13:50:16:       WarehouseCode: '02',
2025-02-08T13:50:16:       DiscountPercent: 0,
2025-02-08T13:50:16:       UnitPrice: 20250,
2025-02-08T13:50:16:       UoMEntry: 5
2025-02-08T13:50:16:     },
2025-02-08T13:50:16:     {
2025-02-08T13:50:16:       ItemCode: 'ADF00715',
2025-02-08T13:50:16:       Quantity: 1,
2025-02-08T13:50:16:       WarehouseCode: '02',
2025-02-08T13:50:16:       DiscountPercent: 0,
2025-02-08T13:50:16:       UnitPrice: 23625,
2025-02-08T13:50:16:       UoMEntry: 5
2025-02-08T13:50:16:     },
2025-02-08T13:50:16:     {
2025-02-08T13:50:16:       ItemCode: 'R00505',
2025-02-08T13:50:16:       Quantity: 1,
2025-02-08T13:50:16:       WarehouseCode: '02',
2025-02-08T13:50:16:       DiscountPercent: 0,
2025-02-08T13:50:16:       UnitPrice: 16125,
2025-02-08T13:50:16:       UoMEntry: 5
2025-02-08T13:50:16:     },
2025-02-08T13:50:16:     {
2025-02-08T13:50:16:       ItemCode: 'R00499',
2025-02-08T13:50:16:       Quantity: 1,
2025-02-08T13:50:16:       WarehouseCode: '02',
2025-02-08T13:50:16:       DiscountPercent: 0,
2025-02-08T13:50:16:       UnitPrice: 15750,
2025-02-08T13:50:16:       UoMEntry: 5
2025-02-08T13:50:16:     },
2025-02-08T13:50:16:     {
2025-02-08T13:50:16:       ItemCode: 'R00414',
2025-02-08T13:50:16:       Quantity: 1,
2025-02-08T13:50:16:       WarehouseCode: '02',
2025-02-08T13:50:16:       DiscountPercent: 0,
2025-02-08T13:50:16:       UnitPrice: 15000,
2025-02-08T13:50:16:       UoMEntry: 5
2025-02-08T13:50:16:     },
2025-02-08T13:50:16:     {
2025-02-08T13:50:16:       ItemCode: 'ADF00542',
2025-02-08T13:50:16:       Quantity: 1,
2025-02-08T13:50:16:       WarehouseCode: '02',
2025-02-08T13:50:16:       DiscountPercent: 0,
2025-02-08T13:50:16:       UnitPrice: 29250,
2025-02-08T13:50:16:       UoMEntry: 5
2025-02-08T13:50:16:     },
2025-02-08T13:50:16:     {
2025-02-08T13:50:16:       ItemCode: 'R00933',
2025-02-08T13:50:16:       Quantity: 1,
2025-02-08T13:50:16:       WarehouseCode: '02',
2025-02-08T13:50:16:       DiscountPercent: 0,
2025-02-08T13:50:16:       UnitPrice: 16499.7,
2025-02-08T13:50:16:       UoMEntry: 11
2025-02-08T13:50:16:     },
2025-02-08T13:50:16:     {
2025-02-08T13:50:16:       ItemCode: 'R01113',
2025-02-08T13:50:16:       Quantity: 1,
2025-02-08T13:50:16:       WarehouseCode: '02',
2025-02-08T13:50:16:       DiscountPercent: 0,
2025-02-08T13:50:16:       UnitPrice: 18000,
2025-02-08T13:50:16:       UoMEntry: 5
2025-02-08T13:50:16:     },
2025-02-08T13:50:16:     {
2025-02-08T13:50:16:       ItemCode: 'R00397',
2025-02-08T13:50:16:       Quantity: 1,
2025-02-08T13:50:16:       WarehouseCode: '02',
2025-02-08T13:50:16:       DiscountPercent: 0,
2025-02-08T13:50:16:       UnitPrice: 18000,
2025-02-08T13:50:16:       UoMEntry: 5
2025-02-08T13:50:16:     },
2025-02-08T13:50:16:     {
2025-02-08T13:50:16:       ItemCode: 'ADF00754',
2025-02-08T13:50:16:       Quantity: 1,
2025-02-08T13:50:16:       WarehouseCode: '02',
2025-02-08T13:50:16:       DiscountPercent: 0,
2025-02-08T13:50:16:       UnitPrice: 23625,
2025-02-08T13:50:16:       UoMEntry: 5
2025-02-08T13:50:16:     },
2025-02-08T13:50:16:     {
2025-02-08T13:50:16:       ItemCode: 'S00730',
2025-02-08T13:50:16:       Quantity: 2,
2025-02-08T13:50:16:       WarehouseCode: '10',
2025-02-08T13:50:16:       DiscountPercent: 0,
2025-02-08T13:50:16:       UnitPrice: 52500,
2025-02-08T13:50:16:       UoMEntry: 18
2025-02-08T13:50:16:     }
2025-02-08T13:50:16:   ]
2025-02-08T13:50:16: }
2025-02-08T14:12:18: 384
2025-02-08T14:12:19: 384
2025-02-08T14:12:38: 119700
2025-02-08T14:12:38: 119700
2025-02-08T14:19:21: 384
2025-02-08T14:19:21: 384
2025-02-08T14:19:35: 386
2025-02-08T14:19:35: 386
2025-02-08T14:20:07: {
2025-02-08T14:20:07:   CardCode: 'IBG00291',
2025-02-08T14:20:07:   Comments: '\\\\\\\\\\ دلفري',
2025-02-08T14:20:07:   DocumentLines: [
2025-02-08T14:20:07:     {
2025-02-08T14:20:07:       ItemCode: 'G00065',
2025-02-08T14:20:07:       Quantity: 1,
2025-02-08T14:20:07:       UoMEntry: 11,
2025-02-08T14:20:07:       DiscountPercent: 0,
2025-02-08T14:20:07:       WarehouseCode: '02'
2025-02-08T14:20:07:     },
2025-02-08T14:20:07:     {
2025-02-08T14:20:07:       ItemCode: 'ADF01132',
2025-02-08T14:20:07:       Quantity: 1,
2025-02-08T14:20:07:       UoMEntry: 11,
2025-02-08T14:20:07:       DiscountPercent: 0,
2025-02-08T14:20:07:       WarehouseCode: '02'
2025-02-08T14:20:07:     },
2025-02-08T14:20:07:     {
2025-02-08T14:20:07:       ItemCode: 'G00267',
2025-02-08T14:20:07:       Quantity: 1,
2025-02-08T14:20:07:       UoMEntry: 5,
2025-02-08T14:20:07:       DiscountPercent: 0,
2025-02-08T14:20:07:       WarehouseCode: '02'
2025-02-08T14:20:07:     },
2025-02-08T14:20:07:     {
2025-02-08T14:20:07:       ItemCode: 'R00331',
2025-02-08T14:20:07:       Quantity: 1,
2025-02-08T14:20:07:       UoMEntry: 5,
2025-02-08T14:20:07:       DiscountPercent: 0,
2025-02-08T14:20:07:       WarehouseCode: '02'
2025-02-08T14:20:07:     },
2025-02-08T14:20:07:     {
2025-02-08T14:20:07:       ItemCode: 'ADF00715',
2025-02-08T14:20:07:       Quantity: 1,
2025-02-08T14:20:07:       UoMEntry: 5,
2025-02-08T14:20:07:       DiscountPercent: 0,
2025-02-08T14:20:07:       WarehouseCode: '02'
2025-02-08T14:20:07:     },
2025-02-08T14:20:07:     {
2025-02-08T14:20:07:       ItemCode: 'R00505',
2025-02-08T14:20:07:       Quantity: 1,
2025-02-08T14:20:07:       UoMEntry: 5,
2025-02-08T14:20:07:       DiscountPercent: 0,
2025-02-08T14:20:07:       WarehouseCode: '02'
2025-02-08T14:20:07:     },
2025-02-08T14:20:07:     {
2025-02-08T14:20:07:       ItemCode: 'R00499',
2025-02-08T14:20:07:       Quantity: 1,
2025-02-08T14:20:07:       UoMEntry: 5,
2025-02-08T14:20:07:       DiscountPercent: 0,
2025-02-08T14:20:07:       WarehouseCode: '02'
2025-02-08T14:20:07:     },
2025-02-08T14:20:07:     {
2025-02-08T14:20:07:       ItemCode: 'R00414',
2025-02-08T14:20:07:       Quantity: 1,
2025-02-08T14:20:07:       UoMEntry: 5,
2025-02-08T14:20:07:       DiscountPercent: 0,
2025-02-08T14:20:07:       WarehouseCode: '02'
2025-02-08T14:20:07:     },
2025-02-08T14:20:07:     {
2025-02-08T14:20:07:       ItemCode: 'ADF00542',
2025-02-08T14:20:07:       Quantity: 1,
2025-02-08T14:20:07:       UoMEntry: 5,
2025-02-08T14:20:07:       DiscountPercent: 0,
2025-02-08T14:20:07:       WarehouseCode: '02'
2025-02-08T14:20:07:     },
2025-02-08T14:20:07:     {
2025-02-08T14:20:07:       ItemCode: 'R00933',
2025-02-08T14:20:07:       Quantity: 1,
2025-02-08T14:20:07:       UoMEntry: 11,
2025-02-08T14:20:07:       DiscountPercent: 0,
2025-02-08T14:20:07:       WarehouseCode: '02'
2025-02-08T14:20:07:     },
2025-02-08T14:20:07:     {
2025-02-08T14:20:07:       ItemCode: 'R00397',
2025-02-08T14:20:07:       Quantity: 1,
2025-02-08T14:20:07:       UoMEntry: 5,
2025-02-08T14:20:07:       DiscountPercent: 0,
2025-02-08T14:20:07:       WarehouseCode: '02'
2025-02-08T14:20:07:     },
2025-02-08T14:20:07:     {
2025-02-08T14:20:07:       ItemCode: 'ADF00754',
2025-02-08T14:20:07:       Quantity: 1,
2025-02-08T14:20:07:       UoMEntry: 5,
2025-02-08T14:20:07:       DiscountPercent: 0,
2025-02-08T14:20:07:       WarehouseCode: '02'
2025-02-08T14:20:07:     },
2025-02-08T14:20:07:     {
2025-02-08T14:20:07:       ItemCode: 'S00730',
2025-02-08T14:20:07:       Quantity: 2,
2025-02-08T14:20:07:       UoMEntry: 18,
2025-02-08T14:20:07:       DiscountPercent: 0,
2025-02-08T14:20:07:       WarehouseCode: '10'
2025-02-08T14:20:07:     },
2025-02-08T14:20:07:     {
2025-02-08T14:20:07:       ItemCode: 'ADF01134',
2025-02-08T14:20:07:       Quantity: 1,
2025-02-08T14:20:07:       UoMEntry: 11,
2025-02-08T14:20:07:       DiscountPercent: 0,
2025-02-08T14:20:07:       WarehouseCode: '02'
2025-02-08T14:20:07:     }
2025-02-08T14:20:07:   ],
2025-02-08T14:20:07:   DocDate: '2025-02-08',
2025-02-08T14:20:07:   DocDueDate: '2025-02-08',
2025-02-08T14:20:07:   DocCurrency: 'IQD'
2025-02-08T14:20:07: }
2025-02-08T14:20:07: {
2025-02-08T14:20:07:   CardCode: 'IBG00291',
2025-02-08T14:20:07:   Comments: '\\\\\\\\\\ دلفري',
2025-02-08T14:20:07:   DocumentLines: [
2025-02-08T14:20:07:     {
2025-02-08T14:20:07:       ItemCode: 'G00065',
2025-02-08T14:20:07:       Quantity: 1,
2025-02-08T14:20:07:       UoMEntry: 11,
2025-02-08T14:20:07:       DiscountPercent: 0,
2025-02-08T14:20:07:       WarehouseCode: '02'
2025-02-08T14:20:07:     },
2025-02-08T14:20:07:     {
2025-02-08T14:20:07:       ItemCode: 'ADF01132',
2025-02-08T14:20:07:       Quantity: 1,
2025-02-08T14:20:07:       UoMEntry: 11,
2025-02-08T14:20:07:       DiscountPercent: 0,
2025-02-08T14:20:07:       WarehouseCode: '02'
2025-02-08T14:20:07:     },
2025-02-08T14:20:07:     {
2025-02-08T14:20:07:       ItemCode: 'G00267',
2025-02-08T14:20:07:       Quantity: 1,
2025-02-08T14:20:07:       UoMEntry: 5,
2025-02-08T14:20:07:       DiscountPercent: 0,
2025-02-08T14:20:07:       WarehouseCode: '02'
2025-02-08T14:20:07:     },
2025-02-08T14:20:07:     {
2025-02-08T14:20:07:       ItemCode: 'R00331',
2025-02-08T14:20:07:       Quantity: 1,
2025-02-08T14:20:07:       UoMEntry: 5,
2025-02-08T14:20:07:       DiscountPercent: 0,
2025-02-08T14:20:07:       WarehouseCode: '02'
2025-02-08T14:20:07:     },
2025-02-08T14:20:07:     {
2025-02-08T14:20:07:       ItemCode: 'ADF00715',
2025-02-08T14:20:07:       Quantity: 1,
2025-02-08T14:20:07:       UoMEntry: 5,
2025-02-08T14:20:07:       DiscountPercent: 0,
2025-02-08T14:20:07:       WarehouseCode: '02'
2025-02-08T14:20:07:     },
2025-02-08T14:20:07:     {
2025-02-08T14:20:07:       ItemCode: 'R00505',
2025-02-08T14:20:07:       Quantity: 1,
2025-02-08T14:20:07:       UoMEntry: 5,
2025-02-08T14:20:07:       DiscountPercent: 0,
2025-02-08T14:20:07:       WarehouseCode: '02'
2025-02-08T14:20:07:     },
2025-02-08T14:20:07:     {
2025-02-08T14:20:07:       ItemCode: 'R00499',
2025-02-08T14:20:07:       Quantity: 1,
2025-02-08T14:20:07:       UoMEntry: 5,
2025-02-08T14:20:07:       DiscountPercent: 0,
2025-02-08T14:20:07:       WarehouseCode: '02'
2025-02-08T14:20:07:     },
2025-02-08T14:20:07:     {
2025-02-08T14:20:07:       ItemCode: 'R00414',
2025-02-08T14:20:07:       Quantity: 1,
2025-02-08T14:20:07:       UoMEntry: 5,
2025-02-08T14:20:07:       DiscountPercent: 0,
2025-02-08T14:20:07:       WarehouseCode: '02'
2025-02-08T14:20:07:     },
2025-02-08T14:20:07:     {
2025-02-08T14:20:07:       ItemCode: 'ADF00542',
2025-02-08T14:20:07:       Quantity: 1,
2025-02-08T14:20:07:       UoMEntry: 5,
2025-02-08T14:20:07:       DiscountPercent: 0,
2025-02-08T14:20:07:       WarehouseCode: '02'
2025-02-08T14:20:07:     },
2025-02-08T14:20:07:     {
2025-02-08T14:20:07:       ItemCode: 'R00933',
2025-02-08T14:20:07:       Quantity: 1,
2025-02-08T14:20:07:       UoMEntry: 11,
2025-02-08T14:20:07:       DiscountPercent: 0,
2025-02-08T14:20:07:       WarehouseCode: '02'
2025-02-08T14:20:07:     },
2025-02-08T14:20:07:     {
2025-02-08T14:20:07:       ItemCode: 'R00397',
2025-02-08T14:20:07:       Quantity: 1,
2025-02-08T14:20:07:       UoMEntry: 5,
2025-02-08T14:20:07:       DiscountPercent: 0,
2025-02-08T14:20:07:       WarehouseCode: '02'
2025-02-08T14:20:07:     },
2025-02-08T14:20:07:     {
2025-02-08T14:20:07:       ItemCode: 'ADF00754',
2025-02-08T14:20:07:       Quantity: 1,
2025-02-08T14:20:07:       UoMEntry: 5,
2025-02-08T14:20:07:       DiscountPercent: 0,
2025-02-08T14:20:07:       WarehouseCode: '02'
2025-02-08T14:20:07:     },
2025-02-08T14:20:07:     {
2025-02-08T14:20:07:       ItemCode: 'S00730',
2025-02-08T14:20:07:       Quantity: 2,
2025-02-08T14:20:07:       UoMEntry: 18,
2025-02-08T14:20:07:       DiscountPercent: 0,
2025-02-08T14:20:07:       WarehouseCode: '10'
2025-02-08T14:20:07:     },
2025-02-08T14:20:07:     {
2025-02-08T14:20:07:       ItemCode: 'ADF01134',
2025-02-08T14:20:07:       Quantity: 1,
2025-02-08T14:20:07:       UoMEntry: 11,
2025-02-08T14:20:07:       DiscountPercent: 0,
2025-02-08T14:20:07:       WarehouseCode: '02'
2025-02-08T14:20:07:     }
2025-02-08T14:20:07:   ],
2025-02-08T14:20:07:   DocDate: '2025-02-08',
2025-02-08T14:20:07:   DocDueDate: '2025-02-08',
2025-02-08T14:20:07:   DocCurrency: 'IQD'
2025-02-08T14:20:07: }
2025-02-08T14:20:09: 388
2025-02-08T14:20:09: 388
2025-02-08T14:27:12: 119708
2025-02-08T14:27:14: 119708
2025-02-08T22:59:19: Roles in context: []
2025-02-08T22:59:19: Updated Items: []
2025-02-08T22:59:22: 118486
2025-02-08T23:20:06: Roles in context: []
2025-02-08T23:21:39: Roles in context: []
2025-02-08T23:26:39: Roles in context: []
2025-02-09T09:31:34: Roles in context: []
2025-02-09T09:31:34: Roles in context: []
2025-02-09T09:32:10: Received parameters: { customer: 'IBG03776', itemCode: 'FF00383', uom: 'قطعه' }
2025-02-09T09:32:29: Received parameters: { customer: 'IBG03776', itemCode: 'G00373', uom: '0.25 كغم' }
2025-02-09T09:32:41: Received parameters: { customer: 'IBG03776', itemCode: 'G00706', uom: '0.25 كغم' }
2025-02-09T09:32:57: Received parameters: { customer: 'IBG03776', itemCode: 'ADF00608', uom: '0.25 كغم' }
2025-02-09T09:33:19: Received parameters: { customer: 'IBG03776', itemCode: 'ADF00104', uom: 'كغم' }
2025-02-09T09:33:21: Received parameters: { customer: 'IBG03776', itemCode: 'ADF00104', uom: '100 غم' }
2025-02-09T09:33:42: Received parameters: { customer: 'IBG03776', itemCode: 'G00789', uom: 'كغم' }
2025-02-09T09:33:45: Received parameters: { customer: 'IBG03776', itemCode: 'G00789', uom: '100 غم' }
2025-02-09T09:34:10: {
2025-02-09T09:34:10:   CardCode: 'IBG03776',
2025-02-09T09:34:10:   DocDate: '2025-02-09',
2025-02-09T09:34:10:   DocDueDate: '2025-02-09',
2025-02-09T09:34:10:   Comments: '',
2025-02-09T09:34:10:   DocCurrency: 'IQD',
2025-02-09T09:34:10:   DocumentLines: [
2025-02-09T09:34:10:     {
2025-02-09T09:34:10:       ItemCode: 'FF00383',
2025-02-09T09:34:10:       Quantity: 2,
2025-02-09T09:34:10:       WarehouseCode: '14',
2025-02-09T09:34:10:       DiscountPercent: 0,
2025-02-09T09:34:10:       UnitPrice: 24750,
2025-02-09T09:34:10:       UoMEntry: 2
2025-02-09T09:34:10:     },
2025-02-09T09:34:10:     {
2025-02-09T09:34:10:       ItemCode: 'G00373',
2025-02-09T09:34:10:       Quantity: 1,
2025-02-09T09:34:10:       WarehouseCode: '02',
2025-02-09T09:34:10:       DiscountPercent: 0,
2025-02-09T09:34:10:       UnitPrice: 48000,
2025-02-09T09:34:10:       UoMEntry: 5
2025-02-09T09:34:10:     },
2025-02-09T09:34:10:     {
2025-02-09T09:34:10:       ItemCode: 'G00706',
2025-02-09T09:34:10:       Quantity: 1,
2025-02-09T09:34:10:       WarehouseCode: '02',
2025-02-09T09:34:10:       DiscountPercent: 0,
2025-02-09T09:34:10:       UnitPrice: 59250,
2025-02-09T09:34:10:       UoMEntry: 5
2025-02-09T09:34:10:     },
2025-02-09T09:34:10:     {
2025-02-09T09:34:10:       ItemCode: 'ADF00608',
2025-02-09T09:34:10:       Quantity: 1,
2025-02-09T09:34:10:       WarehouseCode: '02',
2025-02-09T09:34:10:       DiscountPercent: 0,
2025-02-09T09:34:10:       UnitPrice: 21750,
2025-02-09T09:34:10:       UoMEntry: 5
2025-02-09T09:34:10:     },
2025-02-09T09:34:10:     {
2025-02-09T09:34:10:       ItemCode: 'ADF00104',
2025-02-09T09:34:10:       Quantity: 1,
2025-02-09T09:34:10:       WarehouseCode: '02',
2025-02-09T09:34:10:       DiscountPercent: 0,
2025-02-09T09:34:10:       UnitPrice: 12000.45,
2025-02-09T09:34:10:       UoMEntry: 8
2025-02-09T09:34:10:     },
2025-02-09T09:34:10:     {
2025-02-09T09:34:10:       ItemCode: 'G00789',
2025-02-09T09:34:10:       Quantity: 1,
2025-02-09T09:34:10:       WarehouseCode: '02',
2025-02-09T09:34:10:       DiscountPercent: 0,
2025-02-09T09:34:10:       UnitPrice: 20250,
2025-02-09T09:34:10:       UoMEntry: 8
2025-02-09T09:34:10:     }
2025-02-09T09:34:10:   ]
2025-02-09T09:34:10: }
2025-02-09T09:34:10: {
2025-02-09T09:34:10:   CardCode: 'IBG03776',
2025-02-09T09:34:10:   DocDate: '2025-02-09',
2025-02-09T09:34:10:   DocDueDate: '2025-02-09',
2025-02-09T09:34:10:   Comments: '',
2025-02-09T09:34:10:   DocCurrency: 'IQD',
2025-02-09T09:34:10:   DocumentLines: [
2025-02-09T09:34:10:     {
2025-02-09T09:34:10:       ItemCode: 'FF00383',
2025-02-09T09:34:10:       Quantity: 2,
2025-02-09T09:34:10:       WarehouseCode: '14',
2025-02-09T09:34:10:       DiscountPercent: 0,
2025-02-09T09:34:10:       UnitPrice: 24750,
2025-02-09T09:34:10:       UoMEntry: 2
2025-02-09T09:34:10:     },
2025-02-09T09:34:10:     {
2025-02-09T09:34:10:       ItemCode: 'G00373',
2025-02-09T09:34:10:       Quantity: 1,
2025-02-09T09:34:10:       WarehouseCode: '02',
2025-02-09T09:34:10:       DiscountPercent: 0,
2025-02-09T09:34:10:       UnitPrice: 48000,
2025-02-09T09:34:10:       UoMEntry: 5
2025-02-09T09:34:10:     },
2025-02-09T09:34:10:     {
2025-02-09T09:34:10:       ItemCode: 'G00706',
2025-02-09T09:34:10:       Quantity: 1,
2025-02-09T09:34:10:       WarehouseCode: '02',
2025-02-09T09:34:10:       DiscountPercent: 0,
2025-02-09T09:34:10:       UnitPrice: 59250,
2025-02-09T09:34:10:       UoMEntry: 5
2025-02-09T09:34:10:     },
2025-02-09T09:34:10:     {
2025-02-09T09:34:10:       ItemCode: 'ADF00608',
2025-02-09T09:34:10:       Quantity: 1,
2025-02-09T09:34:10:       WarehouseCode: '02',
2025-02-09T09:34:10:       DiscountPercent: 0,
2025-02-09T09:34:10:       UnitPrice: 21750,
2025-02-09T09:34:10:       UoMEntry: 5
2025-02-09T09:34:10:     },
2025-02-09T09:34:10:     {
2025-02-09T09:34:10:       ItemCode: 'ADF00104',
2025-02-09T09:34:10:       Quantity: 1,
2025-02-09T09:34:10:       WarehouseCode: '02',
2025-02-09T09:34:10:       DiscountPercent: 0,
2025-02-09T09:34:10:       UnitPrice: 12000.45,
2025-02-09T09:34:10:       UoMEntry: 8
2025-02-09T09:34:10:     },
2025-02-09T09:34:10:     {
2025-02-09T09:34:10:       ItemCode: 'G00789',
2025-02-09T09:34:10:       Quantity: 1,
2025-02-09T09:34:10:       WarehouseCode: '02',
2025-02-09T09:34:10:       DiscountPercent: 0,
2025-02-09T09:34:10:       UnitPrice: 20250,
2025-02-09T09:34:10:       UoMEntry: 8
2025-02-09T09:34:10:     }
2025-02-09T09:34:10:   ]
2025-02-09T09:34:10: }
2025-02-09T09:41:06: Roles in context: []
2025-02-09T09:41:07: Roles in context: []
2025-02-09T09:41:35: Roles in context: []
2025-02-09T09:42:23: Roles in context: []
2025-02-09T09:42:23: Roles in context: []
2025-02-09T09:42:28: Roles in context: []
2025-02-09T09:42:28: Roles in context: []
2025-02-09T15:17:48: Roles in context: []
2025-02-10T11:10:14: Roles in context: []
2025-03-03T10:21:14:   ▲ Next.js 14.2.14
2025-03-03T10:21:14:   - Local:        http://localhost:9090
2025-03-03T10:21:14: 
2025-03-03T10:21:14:  ✓ Starting...
2025-03-03T10:21:14: Next.js process exited with code 1
2025-03-03T10:21:17:   ▲ Next.js 14.2.14
2025-03-03T10:21:17:   - Local:        http://localhost:9090
2025-03-03T10:21:17: 
2025-03-03T10:21:17:  ✓ Starting...
2025-03-03T10:21:17: Next.js process exited with code 1
2025-03-03T10:21:20:   ▲ Next.js 14.2.14
2025-03-03T10:21:20:   - Local:        http://localhost:9090
2025-03-03T10:21:20: 
2025-03-03T10:21:20:  ✓ Starting...
2025-03-03T10:21:21: Next.js process exited with code 1
2025-03-03T10:21:24:   ▲ Next.js 14.2.14
2025-03-03T10:21:24:   - Local:        http://localhost:9090
2025-03-03T10:21:24: 
2025-03-03T10:21:24:  ✓ Starting...
2025-03-03T10:21:24: Next.js process exited with code 1
2025-03-03T10:21:27:   ▲ Next.js 14.2.14
2025-03-03T10:21:27:   - Local:        http://localhost:9090
2025-03-03T10:21:27: 
2025-03-03T10:21:27:  ✓ Starting...
2025-03-03T10:21:27: Next.js process exited with code 1
2025-03-03T10:21:31:   ▲ Next.js 14.2.14
2025-03-03T10:21:31:   - Local:        http://localhost:9090
2025-03-03T10:21:31: 
2025-03-03T10:21:31:  ✓ Starting...
2025-03-03T10:21:31: Next.js process exited with code 1
2025-03-03T10:21:34:   ▲ Next.js 14.2.14
2025-03-03T10:21:34:   - Local:        http://localhost:9090
2025-03-03T10:21:34: 
2025-03-03T10:21:34:  ✓ Starting...
2025-03-03T10:21:34: Next.js process exited with code 1
2025-03-03T10:21:38:   ▲ Next.js 14.2.14
2025-03-03T10:21:38:   - Local:        http://localhost:9090
2025-03-03T10:21:38: 
2025-03-03T10:21:38:  ✓ Starting...
2025-03-03T10:21:38: Next.js process exited with code 1
2025-03-03T10:21:41:   ▲ Next.js 14.2.14
2025-03-03T10:21:41:   - Local:        http://localhost:9090
2025-03-03T10:21:41: 
2025-03-03T10:21:41:  ✓ Starting...
2025-03-03T10:21:41: Next.js process exited with code 1
2025-03-03T10:21:44:   ▲ Next.js 14.2.14
2025-03-03T10:21:44:   - Local:        http://localhost:9090
2025-03-03T10:21:44: 
2025-03-03T10:21:44:  ✓ Starting...
2025-03-03T10:21:45: Next.js process exited with code 1
2025-03-03T10:21:48:   ▲ Next.js 14.2.14
2025-03-03T10:21:48:   - Local:        http://localhost:9090
2025-03-03T10:21:48: 
2025-03-03T10:21:48:  ✓ Starting...
2025-03-03T10:21:49: Next.js process exited with code 1
2025-03-03T10:21:51:   ▲ Next.js 14.2.14
2025-03-03T10:21:51:   - Local:        http://localhost:9090
2025-03-03T10:21:51: 
2025-03-03T10:21:51:  ✓ Starting...
2025-03-03T10:21:51: Next.js process exited with code 1
2025-03-03T10:21:55:   ▲ Next.js 14.2.14
2025-03-03T10:21:55:   - Local:        http://localhost:9090
2025-03-03T10:21:55: 
2025-03-03T10:21:55:  ✓ Starting...
2025-03-03T10:21:55: Next.js process exited with code 1
2025-03-03T10:21:58:   ▲ Next.js 14.2.14
2025-03-03T10:21:58:   - Local:        http://localhost:9090
2025-03-03T10:21:58: 
2025-03-03T10:21:58:  ✓ Starting...
2025-03-03T10:21:58: Next.js process exited with code 1
2025-03-03T10:22:01:   ▲ Next.js 14.2.14
2025-03-03T10:22:01:   - Local:        http://localhost:9090
2025-03-03T10:22:01: 
2025-03-03T10:22:01:  ✓ Starting...
2025-03-03T10:22:02: Next.js process exited with code 1
2025-03-03T10:22:05:   ▲ Next.js 14.2.14
2025-03-03T10:22:05:   - Local:        http://localhost:9090
2025-03-03T10:22:05: 
2025-03-03T10:22:05:  ✓ Starting...
2025-03-03T10:22:05: Next.js process exited with code 1
2025-03-03T10:22:08:   ▲ Next.js 14.2.14
2025-03-03T10:22:08:   - Local:        http://localhost:9090
2025-03-03T10:22:08: 
2025-03-03T10:22:08:  ✓ Starting...
2025-03-03T10:22:08: Next.js process exited with code 1
2025-03-03T10:22:11:   ▲ Next.js 14.2.14
2025-03-03T10:22:11:   - Local:        http://localhost:9090
2025-03-03T10:22:11: 
2025-03-03T10:22:11:  ✓ Starting...
2025-03-03T10:22:12: Next.js process exited with code 1
2025-03-03T10:22:15:   ▲ Next.js 14.2.14
2025-03-03T10:22:15:   - Local:        http://localhost:9090
2025-03-03T10:22:15: 
2025-03-03T10:22:15:  ✓ Starting...
2025-03-03T10:22:15: Next.js process exited with code 1
2025-03-03T10:22:18:   ▲ Next.js 14.2.14
2025-03-03T10:22:18:   - Local:        http://localhost:9090
2025-03-03T10:22:18: 
2025-03-03T10:22:18:  ✓ Starting...
2025-03-03T10:22:18: Next.js process exited with code 1
2025-03-03T10:22:22:   ▲ Next.js 14.2.14
2025-03-03T10:22:22:   - Local:        http://localhost:9090
2025-03-03T10:22:22: 
2025-03-03T10:22:22:  ✓ Starting...
2025-03-03T10:22:22: Next.js process exited with code 1
2025-03-03T10:22:25:   ▲ Next.js 14.2.14
2025-03-03T10:22:25:   - Local:        http://localhost:9090
2025-03-03T10:22:25: 
2025-03-03T10:22:25:  ✓ Starting...
2025-03-03T10:22:26: Next.js process exited with code 1
2025-03-03T10:22:29:   ▲ Next.js 14.2.14
2025-03-03T10:22:29:   - Local:        http://localhost:9090
2025-03-03T10:22:29: 
2025-03-03T10:22:29:  ✓ Starting...
2025-03-03T10:22:29: Next.js process exited with code 1
2025-03-03T10:22:32:   ▲ Next.js 14.2.14
2025-03-03T10:22:32:   - Local:        http://localhost:9090
2025-03-03T10:22:32: 
2025-03-03T10:22:32:  ✓ Starting...
2025-03-03T10:22:32: Next.js process exited with code 1
2025-03-03T10:22:35:   ▲ Next.js 14.2.14
2025-03-03T10:22:35:   - Local:        http://localhost:9090
2025-03-03T10:22:35: 
2025-03-03T10:22:35:  ✓ Starting...
2025-03-03T10:22:36: Next.js process exited with code 1
2025-03-03T10:22:39:   ▲ Next.js 14.2.14
2025-03-03T10:22:39:   - Local:        http://localhost:9090
2025-03-03T10:22:39: 
2025-03-03T10:22:39:  ✓ Starting...
2025-03-03T10:22:39: Next.js process exited with code 1
2025-03-03T10:22:42:   ▲ Next.js 14.2.14
2025-03-03T10:22:42:   - Local:        http://localhost:9090
2025-03-03T10:22:42: 
2025-03-03T10:22:42:  ✓ Starting...
2025-03-03T10:22:42: Next.js process exited with code 1
2025-03-03T10:22:46:   ▲ Next.js 14.2.14
2025-03-03T10:22:46:   - Local:        http://localhost:9090
2025-03-03T10:22:46: 
2025-03-03T10:22:46:  ✓ Starting...
2025-03-03T10:22:46: Next.js process exited with code 1
2025-03-03T10:22:49:   ▲ Next.js 14.2.14
2025-03-03T10:22:49:   - Local:        http://localhost:9090
2025-03-03T10:22:49: 
2025-03-03T10:22:49:  ✓ Starting...
2025-03-03T10:22:49: Next.js process exited with code 1
2025-03-03T10:22:53:   ▲ Next.js 14.2.14
2025-03-03T10:22:53:   - Local:        http://localhost:9090
2025-03-03T10:22:53: 
2025-03-03T10:22:53:  ✓ Starting...
2025-03-03T10:22:53: Next.js process exited with code 1
2025-03-03T10:22:56:   ▲ Next.js 14.2.14
2025-03-03T10:22:56:   - Local:        http://localhost:9090
2025-03-03T10:22:56: 
2025-03-03T10:22:56:  ✓ Starting...
2025-03-03T10:22:56: Next.js process exited with code 1
2025-03-03T10:23:00:   ▲ Next.js 14.2.14
2025-03-03T10:23:00:   - Local:        http://localhost:9090
2025-03-03T10:23:00: 
2025-03-03T10:23:00:  ✓ Starting...
2025-03-03T10:23:00: Next.js process exited with code 1
2025-03-03T10:23:03:   ▲ Next.js 14.2.14
2025-03-03T10:23:03:   - Local:        http://localhost:9090
2025-03-03T10:23:03: 
2025-03-03T10:23:03:  ✓ Starting...
2025-03-03T10:23:03: Next.js process exited with code 1
2025-03-03T10:23:06:   ▲ Next.js 14.2.14
2025-03-03T10:23:06:   - Local:        http://localhost:9090
2025-03-03T10:23:06: 
2025-03-03T10:23:06:  ✓ Starting...
2025-03-03T10:23:06: Next.js process exited with code 1
2025-03-03T10:23:10:   ▲ Next.js 14.2.14
2025-03-03T10:23:10:   - Local:        http://localhost:9090
2025-03-03T10:23:10: 
2025-03-03T10:23:10:  ✓ Starting...
2025-03-03T10:23:10: Next.js process exited with code 1
2025-03-03T10:23:13:   ▲ Next.js 14.2.14
2025-03-03T10:23:13:   - Local:        http://localhost:9090
2025-03-03T10:23:13: 
2025-03-03T10:23:13:  ✓ Starting...
2025-03-03T10:23:13: Next.js process exited with code 1
2025-03-03T10:23:16:   ▲ Next.js 14.2.14
2025-03-03T10:23:16:   - Local:        http://localhost:9090
2025-03-03T10:23:16: 
2025-03-03T10:23:16:  ✓ Starting...
2025-03-03T10:23:17: Next.js process exited with code 1
2025-03-03T10:23:20:   ▲ Next.js 14.2.14
2025-03-03T10:23:20:   - Local:        http://localhost:9090
2025-03-03T10:23:20: 
2025-03-03T10:23:20:  ✓ Starting...
2025-03-03T10:23:20: Next.js process exited with code 1
2025-03-03T10:23:23:   ▲ Next.js 14.2.14
2025-03-03T10:23:23:   - Local:        http://localhost:9090
2025-03-03T10:23:23: 
2025-03-03T10:23:23:  ✓ Starting...
2025-03-03T10:23:24: Next.js process exited with code 1
2025-03-03T10:23:27:   ▲ Next.js 14.2.14
2025-03-03T10:23:27:   - Local:        http://localhost:9090
2025-03-03T10:23:27: 
2025-03-03T10:23:27:  ✓ Starting...
2025-03-03T10:23:27: Next.js process exited with code 1
2025-03-03T10:23:30:   ▲ Next.js 14.2.14
2025-03-03T10:23:30:   - Local:        http://localhost:9090
2025-03-03T10:23:30: 
2025-03-03T10:23:30:  ✓ Starting...
2025-03-03T10:23:30: Next.js process exited with code 1
2025-03-03T10:25:23:   ▲ Next.js 14.2.14
2025-03-03T10:25:23:   - Local:        http://localhost:3000
2025-03-03T10:25:23: 
2025-03-03T10:25:23:  ✓ Starting...
2025-03-03T10:25:23:  ✓ Ready in 537ms
